1;Jones El-Abdellaoui;ma MAR;FW,MF;Celta Vigo;19-363;2006;10;0;222;2.5;2;0;2;2;0;0;0;0;2.2;2.2;0.1;2.3;18;0;35;0.81;0.00;0.81;0.81;0.81;0.91;0.03;0.94;0.91;0.94;Matches
2;Abdel Abqar;ma MAR;DF;Getafe;26-306;1999;10;8;690;7.7;0;1;1;0;0;0;5;0;0.2;0.2;0.4;0.6;3;11;1;0.00;0.13;0.13;0.00;0.13;0.03;0.05;0.08;0.03;0.08;Matches
3;Akor Adams;ng NGA;FW;Sevilla;25-346;2000;14;8;852;9.5;3;2;5;3;0;0;1;0;3.9;3.9;0.8;4.7;17;8;41;0.32;0.21;0.53;0.32;0.53;0.41;0.08;0.50;0.41;0.50;Matches
4;David Affengruber;at AUT;DF;Elche;24-297;2001;17;16;1,439;16.0;0;0;0;0;0;0;4;1;0.4;0.4;0.3;0.7;16;58;5;0.00;0.00;0.00;0.00;0.00;0.02;0.02;0.04;0.02;0.04;Matches
5;Julen Agirrezabala;es ESP;GK;Valencia;25-015;2000;18;18;1,62;18.0;0;0;0;0;0;0;1;0;0.0;0.0;0.0;0.0;0;1;0;0.00;0.00;0.00;0.00;0.00;0.00;0.00;0.00;0.00;0.00;Matches
6;Lucien Agoume;fr FRA;MF;Sevilla;23-335;2002;15;13;1,135;12.6;1;2;3;1;0;0;8;0;0.5;0.5;1.8;2.3;18;76;22;0.08;0.16;0.24;0.08;0.24;0.04;0.14;0.18;0.04;0.18;Matches
7;Marc Aguado;es ESP;MF;Elche;25-322;2000;17;14;1,147;12.7;0;0;0;0;0;0;1;0;0.0;0.0;0.0;0.1;3;49;12;0.00;0.00;0.00;0.00;0.00;0.00;0.00;0.00;0.00;0.00;Matches
8;Pablo Agudín;es ESP;MF,FW;Oviedo;18-063;2007;4;0;70;0.8;0;0;0;0;0;0;0;0;0.0;0.0;0.0;0.0;1;1;7;0.00;0.00;0.00;0.00;0.00;0.05;0.00;0.05;0.05;0.05;Matches
9;Lucas Ahijado;es ESP;DF;Oviedo;30-345;1995;8;6;596;6.6;0;1;1;0;0;0;2;0;0.6;0.6;0.5;1.1;7;19;19;0.00;0.15;0.15;0.00;0.15;0.09;0.08;0.17;0.09;0.17;Matches
10;Joseph Aidoo;gh GHA;DF;Celta Vigo;30-103;1995;3;2;198;2.2;0;0;0;0;0;0;0;0;0.2;0.2;0.0;0.2;0;3;0;0.00;0.00;0.00;0.00;0.00;0.11;0.00;0.11;0.11;0.11;Matches
11;Ilias Akhomach;ma MAR;MF,FW;Villarreal;21-269;2004;9;2;188;2.1;0;0;0;0;0;0;0;0;0.6;0.6;0.7;1.3;9;7;20;0.00;0.00;0.00;0.00;0.00;0.30;0.32;0.62;0.30;0.62;Matches
12;David Alaba;at AUT;DF;Real Madrid;33-200;1992;3;1;57;0.6;0;0;0;0;0;0;0;0;0.0;0.0;0.0;0.0;1;2;0;0.00;0.00;0.00;0.00;0.00;0.05;0.00;0.05;0.05;0.05;Matches
13;Alexandre Alemão;br BRA;FW;Rayo Vallecano;27-284;1998;11;6;556;6.2;1;0;1;1;0;0;1;0;1.6;1.6;0.1;1.7;0;6;27;0.16;0.00;0.16;0.16;0.16;0.26;0.02;0.28;0.26;0.28;Matches
14;Carles Aleñá;es ESP;MF,FW;Alavés;28-005;1998;18;11;977;10.9;0;3;3;0;0;0;1;0;1.2;1.2;1.1;2.2;7;37;39;0.00;0.28;0.28;0.00;0.28;0.11;0.10;0.20;0.11;0.20;Matches
15;Trent Alexander-Arnold;eng ENG;DF;Real Madrid;27-095;1998;8;5;392;4.4;0;1;1;0;0;0;0;0;0.1;0.1;1.0;1.0;6;17;24;0.00;0.23;0.23;0.00;0.23;0.01;0.22;0.23;0.01;0.23;Matches
16;Alfon;es ESP;FW,DF;Sevilla;26-251;1999;10;4;312;3.5;1;0;1;1;0;0;0;0;0.7;0.7;0.3;1.0;8;10;36;0.29;0.00;0.29;0.29;0.29;0.19;0.09;0.28;0.19;0.28;Matches
17;Thiago Almada;ar ARG;MF,FW;Atlético Madrid;24-259;2001;11;4;432;4.8;2;1;3;2;0;0;1;0;2.3;2.3;1.0;3.3;14;29;21;0.42;0.21;0.62;0.42;0.62;0.47;0.21;0.68;0.47;0.68;Matches
18;Domingos André Ribeiro Almeida;pt POR;MF,FW;Valencia;25-225;2000;12;8;730;8.1;0;1;1;0;0;0;0;0;0.3;0.3;1.1;1.4;22;71;34;0.00;0.12;0.12;0.00;0.12;0.03;0.13;0.17;0.03;0.17;Matches
19;Marcos Alonso;es ESP;DF;Celta Vigo;35-013;1990;15;14;1,253;13.9;0;0;0;0;0;0;2;0;0.4;0.4;0.4;0.8;34;91;14;0.00;0.00;0.00;0.00;0.00;0.03;0.03;0.06;0.03;0.06;Matches
20;Adrià Altimira;es ESP;DF;Villarreal;24-288;2001;1;0;9;0.1;0;0;0;0;0;0;0;0;0.0;0.0;0.0;0.0;1;1;1;0.00;0.00;0.00;0.00;0.00;0.00;0.00;0.00;0.00;0.00;Matches
21;Sergi Altimira;es ESP;MF;Betis;24-138;2001;11;6;564;6.3;1;1;2;1;0;0;2;0;0.2;0.2;0.2;0.3;7;15;3;0.16;0.16;0.32;0.16;0.32;0.03;0.03;0.05;0.03;0.05;Matches
22;Carlos Álvarez;es ESP;MF;Levante;22-157;2003;17;14;1,21;13.4;3;1;4;3;0;0;2;0;1.6;1.6;2.7;4.3;28;73;30;0.22;0.07;0.30;0.22;0.30;0.12;0.20;0.32;0.12;0.32;Matches
23;Hugo Álvarez;es ESP;FW,MF;Celta Vigo;22-192;2003;10;3;386;4.3;2;0;2;2;0;0;0;0;0.1;0.1;0.3;0.4;11;18;31;0.47;0.00;0.47;0.47;0.47;0.03;0.06;0.09;0.03;0.09;Matches
24;Julián Álvarez;ar ARG;FW;Atlético Madrid;25-344;2000;19;18;1,372;15.2;7;3;10;5;2;3;2;0;6.4;4.0;4.6;8.6;41;66;86;0.46;0.20;0.66;0.33;0.52;0.42;0.30;0.72;0.26;0.56;Matches
25;Sofyan Amrabat;ma MAR;MF;Betis;29-142;1996;8;6;603;6.7;0;0;0;0;0;0;3;0;0.1;0.1;0.2;0.3;9;43;3;0.00;0.00;0.00;0.00;0.00;0.02;0.03;0.05;0.02;0.05;Matches
26;Miguel Ángel Rubio;es ESP;DF;Espanyol;27-305;1998;6;1;138;1.5;1;0;1;1;0;0;0;0;0.7;0.7;0.0;0.7;0;1;0;0.65;0.00;0.65;0.65;0.65;0.43;0.00;0.43;0.43;0.43;Matches
27;Miguel Ángel Sierra;es ESP;FW,MF;Sevilla;21-180;2004;2;0;26;0.3;0;0;0;0;0;0;0;0;0.0;0.0;0.0;0.0;0;0;0;0.00;0.00;0.00;0.00;0.00;0.08;0.00;0.08;0.08;0.08;Matches
28;Antoniu;es ESP;FW,MF;Espanyol;23-127;2002;6;1;86;1.0;0;0;0;0;0;0;0;0;0.2;0.2;0.1;0.2;5;5;9;0.00;0.00;0.00;0.00;0.00;0.16;0.10;0.25;0.16;0.25;Matches
29;Antony;br BRA;FW;Betis;25-320;2000;13;13;1,083;12.0;5;2;7;5;0;0;1;1;4.1;4.1;1.9;6.0;69;59;120;0.42;0.17;0.58;0.42;0.58;0.34;0.16;0.50;0.34;0.50;Matches
30;Mauro Arambarri;uy URU;MF;Getafe;30-102;1995;19;19;1,678;18.6;3;1;4;3;0;0;3;0;2.7;2.7;0.4;3.1;11;50;37;0.16;0.05;0.21;0.16;0.21;0.15;0.02;0.17;0.15;0.17;Matches
31;Jon Aramburu;ve VEN;DF;Real Sociedad;23-171;2002;17;16;1,442;16.0;1;0;1;1;0;0;6;0;1.5;1.5;0.3;1.7;12;65;44;0.06;0.00;0.06;0.06;0.06;0.09;0.02;0.11;0.09;0.11;Matches
32;Juan Arango;ve VEN;FW;Girona;19-223;2006;1;0;8;0.1;0;0;0;0;0;0;1;0;0.0;0.0;0.0;0.0;0;0;0;0.00;0.00;0.00;0.00;0.00;0.00;0.00;0.00;0.00;0.00;Matches
33;Ronald Araújo;uy URU;DF;Barcelona;26-309;1999;11;7;649;7.2;2;0;2;2;0;0;2;0;0.4;0.4;0.0;0.4;11;29;4;0.28;0.00;0.28;0.28;0.28;0.05;0.00;0.06;0.05;0.06;Matches
34;Jesús Areso;es ESP;DF;Athletic Club;26-192;1999;16;9;995;11.1;0;1;1;0;0;0;1;0;0.0;0.0;1.2;1.3;30;28;71;0.00;0.09;0.09;0.00;0.09;0.00;0.11;0.11;0.00;0.11;Matches
35;Iñigo Arguibide;es ESP;DF;Osasuna;20-266;2005;5;2;179;2.0;0;0;0;0;0;0;0;1;0.0;0.0;0.1;0.1;1;5;8;0.00;0.00;0.00;0.00;0.00;0.00;0.06;0.06;0.00;0.06;Matches
36;Kervin Arriaga;hn HON;MF;Levante;28-005;1998;14;10;898;10.0;1;1;2;1;0;0;4;0;0.2;0.2;0.4;0.6;8;34;6;0.10;0.10;0.20;0.10;0.20;0.02;0.04;0.06;0.02;0.06;Matches
37;Takuma Asano;jp JPN;FW;Mallorca;31-061;1994;13;5;401;4.5;1;0;1;1;0;0;2;0;1.1;1.1;0.9;2.0;8;2;20;0.22;0.00;0.22;0.22;0.22;0.25;0.21;0.46;0.25;0.46;Matches
38;Raúl Asencio;es ESP;DF;Real Madrid;22-331;2003;13;8;854;9.5;1;0;1;1;0;0;2;0;0.6;0.6;0.1;0.8;7;33;8;0.11;0.00;0.11;0.11;0.11;0.07;0.02;0.08;0.07;0.08;Matches
39;Iago Aspas;es ESP;FW,MF;Celta Vigo;38-162;1987;16;7;670;7.4;2;3;5;1;1;1;2;0;2.6;1.8;3.1;4.8;17;73;51;0.27;0.40;0.67;0.13;0.54;0.34;0.41;0.76;0.24;0.65;Matches
40;Yaser Asprilla;co COL;FW,MF;Girona;22-052;2003;14;6;593;6.6;0;0;0;0;0;0;0;0;0.6;0.6;1.7;2.2;20;22;51;0.00;0.00;0.00;0.00;0.00;0.09;0.25;0.34;0.09;0.34;Matches
41;Lander Astiazaran;es ESP;MF;Real Sociedad;19-278;2006;1;0;1;0.0;0;0;0;0;0;0;0;0;0.0;0.0;0.0;0.0;0;0;1;0.00;0.00;0.00;0.00;0.00;2.71;0.00;2.71;2.71;2.71;Matches
42;Ezequiel Ávila;ar ARG;FW,MF;Betis;31-338;1994;6;0;50;0.6;0;0;0;0;0;0;2;0;0.3;0.3;0.0;0.3;1;2;0;0.00;0.00;0.00;0.00;0.00;0.48;0.00;0.48;0.48;0.48;Matches
43;César Azpilicueta;es ESP;DF;Sevilla;36-135;1989;9;9;677;7.5;0;0;0;0;0;0;3;0;0.0;0.0;0.0;0.0;6;20;9;0.00;0.00;0.00;0.00;0.00;0.00;0.00;0.00;0.00;0.00;Matches
44;Alex Baena;es ESP;MF,FW;Atlético Madrid;24-174;2001;11;9;610;6.8;2;1;3;2;0;0;2;0;1.2;1.2;2.9;4.1;20;41;50;0.30;0.15;0.44;0.30;0.44;0.17;0.43;0.61;0.17;0.61;Matches
45;Eric Bailly;ci CIV;DF;Oviedo;31-273;1994;5;5;413;4.6;0;0;0;0;0;0;1;0;0.2;0.2;0.0;0.2;0;5;0;0.00;0.00;0.00;0.00;0.00;0.05;0.00;0.05;0.05;0.05;Matches
46;Cédric Bakambu;cd COD;FW;Betis;34-274;1991;7;0;71;0.8;1;0;1;1;0;0;0;0;0.4;0.4;0.0;0.5;1;0;7;1.27;0.00;1.27;1.27;1.27;0.57;0.02;0.58;0.57;0.58;Matches
47;Alejandro Balde;es ESP;DF;Barcelona;22-084;2003;15;14;1,123;12.5;0;2;2;0;0;0;2;0;0.2;0.2;1.2;1.5;33;62;92;0.00;0.16;0.16;0.00;0.16;0.02;0.10;0.12;0.02;0.12;Matches
48;Iván Balliu;al ALB;DF;Rayo Vallecano;34-009;1992;8;2;202;2.2;0;0;0;0;0;0;3;0;0.3;0.3;0.0;0.3;4;25;9;0.00;0.00;0.00;0.00;0.00;0.15;0.01;0.15;0.15;0.15;Matches
49;Roony Bardghji;se SWE;FW;Barcelona;20-056;2005;9;3;247;2.7;1;1;2;1;0;0;0;0;1.0;1.0;1.0;2.0;13;13;37;0.36;0.36;0.73;0.36;0.73;0.37;0.35;0.71;0.37;0.71;Matches
50;Kike Barja;es ESP;FW,MF;Osasuna;28-284;1997;13;1;180;2.0;0;0;0;0;0;0;1;0;0.1;0.1;0.3;0.3;9;1;14;0.00;0.00;0.00;0.00;0.00;0.03;0.13;0.15;0.03;0.15;Matches
51;Ander Barrenetxea;es ESP;MF,FW;Real Sociedad;24-014;2001;17;12;1,03;11.4;3;3;6;3;0;0;2;0;1.9;1.9;4.0;5.9;44;52;102;0.26;0.26;0.52;0.26;0.52;0.17;0.35;0.51;0.17;0.51;Matches
52;Pablo Barrios;es ESP;MF;Atlético Madrid;22-209;2003;18;16;1,347;15.0;1;0;1;1;0;0;0;0;1.5;1.5;0.7;2.3;42;100;49;0.07;0.00;0.07;0.07;0.07;0.10;0.05;0.15;0.10;0.15;Matches
53;Marc Bartra;es ESP;DF;Betis;34-360;1991;14;12;1,178;13.1;1;0;1;1;0;0;2;0;0.2;0.2;0.0;0.2;5;23;0;0.08;0.00;0.08;0.08;0.08;0.01;0.00;0.01;0.01;0.01;Matches
54;Augusto Batalla;ar ARG;GK;Rayo Vallecano;29-255;1996;18;18;1,62;18.0;0;0;0;0;0;0;3;0;0.0;0.0;0.0;0.0;0;2;0;0.00;0.00;0.00;0.00;0.00;0.00;0.00;0.00;0.00;0.00;Matches
55;Samu Becerra;es ESP;DF,MF;Rayo Vallecano;20-009;2006;3;0;12;0.1;0;0;0;0;0;0;0;0;0.0;0.0;0.0;0.0;0;0;2;0.00;0.00;0.00;0.00;0.00;0.00;0.37;0.37;0.00;0.37;Matches
56;Sheraldo Becker;sr SUR;MF,FW;Osasuna;30-335;1995;9;0;158;1.8;0;0;0;0;0;0;0;0;0.1;0.1;0.3;0.4;4;4;22;0.00;0.00;0.00;0.00;0.00;0.08;0.17;0.24;0.08;0.24;Matches
57;Donny van de Beek;nl NED;MF;Girona;28-267;1997;2;1;41;0.5;0;0;0;0;0;0;0;0;0.1;0.1;0.0;0.1;0;2;2;0.00;0.00;0.00;0.00;0.00;0.19;0.00;0.19;0.19;0.19;Matches
58;Ismael Bekhoucha;ma MAR;DF;Getafe;21-051;2004;4;1;122;1.4;0;1;1;0;0;0;2;0;0.0;0.0;1.0;1.0;1;2;2;0.00;0.74;0.74;0.00;0.74;0.01;0.70;0.71;0.01;0.71;Matches
59;Héctor Bellerín;es ESP;DF;Betis;30-297;1995;15;12;1,051;11.7;0;2;2;0;0;0;1;0;0.1;0.1;2.0;2.1;14;48;61;0.00;0.17;0.17;0.00;0.17;0.01;0.17;0.18;0.01;0.18;Matches
60;Jude Bellingham;eng ENG;MF;Real Madrid;22-195;2003;15;12;1,102;12.2;4;3;7;4;0;0;1;0;4.5;4.5;2.5;6.9;31;110;63;0.33;0.25;0.57;0.33;0.57;0.37;0.20;0.57;0.37;0.57;Matches
61;Fran Beltrán;es ESP;MF;Celta Vigo;26-341;1999;10;7;528;5.9;0;0;0;0;0;0;0;0;0.3;0.3;0.1;0.4;6;31;9;0.00;0.00;0.00;0.00;0.00;0.05;0.01;0.06;0.05;0.06;Matches
62;Lucas Beltrán;ar ARG;FW;Valencia;24-287;2001;15;7;616;6.8;1;0;1;1;0;0;0;0;1.7;1.7;0.9;2.6;12;24;41;0.15;0.00;0.15;0.15;0.15;0.25;0.13;0.38;0.25;0.38;Matches
63;Carlos Benavídez;uy URU;MF,DF;Alavés;27-286;1998;5;0;77;0.9;0;0;0;0;0;0;2;1;0.1;0.1;0.0;0.1;1;5;4;0.00;0.00;0.00;0.00;0.00;0.10;0.03;0.13;0.10;0.13;Matches
64;Iker Benito;es ESP;DF,FW;Osasuna;23-153;2002;5;1;150;1.7;1;0;1;1;0;0;1;0;0.6;0.6;0.2;0.8;8;1;11;0.60;0.00;0.60;0.60;0.60;0.36;0.12;0.48;0.36;0.48;Matches
65;Yuri Berchiche;es ESP;DF;Athletic Club;35-334;1990;16;15;1,355;15.1;0;0;0;0;0;0;2;0;0.3;0.3;1.0;1.3;22;93;35;0.00;0.00;0.00;0.00;0.00;0.02;0.07;0.08;0.02;0.08;Matches
66;Álex Berenguer;es ESP;FW,MF;Athletic Club;30-190;1995;17;15;1,228;13.6;2;2;4;2;0;0;3;0;2.7;2.7;3.6;6.3;40;44;114;0.15;0.15;0.29;0.15;0.29;0.20;0.26;0.46;0.20;0.46;Matches
67;Lucas Bergström;fi FIN;GK;Mallorca;23-127;2002;5;5;450;5.0;0;0;0;0;0;0;1;0;0.0;0.0;0.0;0.0;0;0;0;0.00;0.00;0.00;0.00;0.00;0.00;0.00;0.00;0.00;0.00;Matches
68;Marc Bernal;es ESP;MF;Barcelona;18-229;2007;7;1;127;1.4;0;1;1;0;0;0;1;0;0.0;0.0;0.6;0.6;1;7;3;0.00;0.71;0.71;0.00;0.71;0.01;0.41;0.43;0.01;0.43;Matches
69;Pedro Bigas;es ESP;DF;Elche;35-117;1990;14;14;1,157;12.9;0;2;2;0;0;0;2;0;0.5;0.5;0.8;1.4;15;65;12;0.00;0.16;0.16;0.00;0.16;0.04;0.07;0.11;0.04;0.11;Matches
70;Antonio Blanco;es ESP;MF;Alavés;25-171;2000;16;16;1,385;15.4;0;1;1;0;0;0;5;0;0.5;0.5;0.6;1.1;10;90;11;0.00;0.06;0.06;0.00;0.06;0.03;0.04;0.07;0.03;0.07;Matches
71;Daley Blind;nl NED;DF;Girona;35-307;1990;16;15;1,312;14.6;0;0;0;0;0;0;1;0;0.0;0.0;0.8;0.8;13;73;1;0.00;0.00;0.00;0.00;0.00;0.00;0.06;0.06;0.00;0.06;Matches
72;Adam Boayar;ma MAR;FW,MF;Elche;20-089;2005;3;0;20;0.2;0;0;0;0;0;0;0;0;0.0;0.0;0.0;0.0;1;2;3;0.00;0.00;0.00;0.00;0.00;0.00;0.00;0.00;0.00;0.00;Matches
73;Adama Boiro;es ESP;DF;Athletic Club;23-202;2002;6;4;363;4.0;0;0;0;0;0;0;1;0;0.0;0.0;0.1;0.1;9;25;13;0.00;0.00;0.00;0.00;0.00;0.00;0.03;0.03;0.00;0.03;Matches
74;Rahim Bonkano;ne NIG;DF;Oviedo;24-009;2002;17;13;1,234;13.7;0;0;0;0;0;0;1;0;0.0;0.0;0.7;0.7;28;43;69;0.00;0.00;0.00;0.00;0.00;0.00;0.05;0.05;0.00;0.05;Matches
75;Lucas Boyé;ar ARG;FW,MF;Alavés;29-316;1996;13;10;956;10.6;4;0;4;3;1;1;2;1;3.2;2.4;1.0;3.4;10;27;49;0.38;0.00;0.38;0.28;0.28;0.30;0.10;0.40;0.23;0.32;Matches
76;Enzo Boyomo;cm CMR;DF;Osasuna;24-095;2001;16;16;1,414;15.7;1;0;1;1;0;0;4;0;0.3;0.3;0.8;1.1;9;46;10;0.06;0.00;0.06;0.06;0.06;0.02;0.05;0.07;0.02;0.07;Matches
77;Josip Brekalo;hr CRO;FW;Oviedo;27-201;1998;12;6;462;5.1;0;0;0;0;0;0;1;0;0.3;0.3;1.7;1.9;17;30;37;0.00;0.00;0.00;0.00;0.00;0.05;0.33;0.38;0.05;0.38;Matches
78;Abel Bretones;es ESP;DF,MF;Osasuna;25-142;2000;15;15;1,334;14.8;1;0;1;1;0;0;5;1;0.6;0.6;0.3;1.0;22;32;39;0.07;0.00;0.07;0.07;0.07;0.04;0.02;0.06;0.04;0.06;Matches
79;Brugui;es ESP;MF,FW;Levante;29-067;1996;15;10;896;10.0;0;1;1;0;0;0;1;0;1.9;1.8;0.5;2.3;11;14;47;0.00;0.10;0.10;0.00;0.10;0.19;0.05;0.24;0.18;0.23;Matches
80;Tajon Buchanan;ca CAN;MF,DF;Villarreal;26-336;1999;16;10;987;11.0;5;0;5;5;0;0;5;0;1.2;1.2;1.3;2.5;34;26;76;0.46;0.00;0.46;0.46;0.46;0.11;0.12;0.22;0.11;0.22;Matches
81;Ante Budimir;hr CRO;FW;Osasuna;34-172;1991;17;15;1,299;14.4;6;0;6;3;3;4;0;0;7.3;4.1;0.5;4.7;9;13;47;0.42;0.00;0.42;0.21;0.21;0.50;0.04;0.54;0.29;0.32;Matches
82;Manu Bueno;es ESP;MF;Sevilla;21-167;2004;3;0;63;0.7;0;0;0;0;0;0;0;0;0.0;0.0;0.2;0.2;2;3;1;0.00;0.00;0.00;0.00;0.00;0.05;0.25;0.30;0.05;0.30;Matches
83;Jorge Cabello;es ESP;DF;Levante;21-260;2004;5;4;362;4.0;0;0;0;0;0;0;1;0;0.0;0.0;0.0;0.0;0;7;0;0.00;0.00;0.00;0.00;0.00;0.00;0.00;0.00;0.00;0.00;Matches
84;Leandro Cabrera;uy URU;DF;Espanyol;34-207;1991;17;17;1,53;17.0;2;0;2;2;0;0;1;0;1.4;1.4;0.6;2.0;1;47;5;0.12;0.00;0.12;0.12;0.12;0.08;0.03;0.12;0.08;0.12;Matches
85;Calebe;br BRA;MF,DF;Alavés;25-255;2000;13;10;540;6.0;0;0;0;0;0;0;2;0;0.1;0.1;0.5;0.6;19;20;43;0.00;0.00;0.00;0.00;0.00;0.02;0.08;0.11;0.02;0.11;Matches
86;Fernando Calero;es ESP;DF;Espanyol;30-118;1995;14;12;1,106;12.3;0;0;0;0;0;0;2;0;1.5;1.5;0.0;1.5;3;13;2;0.00;0.00;0.00;0.00;0.00;0.12;0.00;0.12;0.12;0.12;Matches
87;Duje Ćaleta-Car;hr CRO;DF;Real Sociedad;29-115;1996;12;11;1,002;11.1;0;0;0;0;0;0;4;0;0.6;0.6;0.1;0.8;10;40;2;0.00;0.00;0.00;0.00;0.00;0.06;0.01;0.07;0.06;0.07;Matches
88;Dani Calvo;es ESP;DF;Oviedo;31-284;1994;9;7;705;7.8;0;0;0;0;0;0;3;0;0.0;0.0;0.0;0.0;1;15;1;0.00;0.00;0.00;0.00;0.00;0.00;0.00;0.00;0.00;0.00;Matches
89;Dawda Camara;mr MTN;FW;Girona;23-067;2002;2;1;72;0.8;0;0;0;0;0;0;0;0;0.1;0.1;0.2;0.3;0;2;1;0.00;0.00;0.00;0.00;0.00;0.15;0.23;0.39;0.15;0.39;Matches
90;Eduardo Camavinga;fr FRA;MF;Real Madrid;23-061;2002;13;5;602;6.7;1;0;1;1;0;0;0;0;1.0;1.0;0.9;1.9;13;40;18;0.15;0.00;0.15;0.15;0.15;0.15;0.14;0.29;0.15;0.29;Matches
91;Sergio Camello;es ESP;FW,MF;Rayo Vallecano;24-334;2001;12;4;439;4.9;0;0;0;0;0;0;2;1;1.0;1.0;0.1;1.1;1;8;21;0.00;0.00;0.00;0.00;0.00;0.20;0.02;0.22;0.20;0.22;Matches
92;Sergi Cardona;es ESP;DF;Villarreal;26-186;1999;14;10;943;10.5;0;3;3;0;0;0;2;0;0.7;0.7;1.4;2.0;21;29;60;0.00;0.29;0.29;0.00;0.29;0.06;0.13;0.19;0.06;0.19;Matches
93;Fábio Cardoso;pt POR;DF;Sevilla;31-266;1994;3;3;217;2.4;0;0;0;0;0;0;0;0;0.0;0.0;0.0;0.0;0;3;0;0.00;0.00;0.00;0.00;0.00;0.00;0.00;0.00;0.00;0.00;Matches
94;Johnny Cardoso;us USA;MF;Atlético Madrid;24-112;2001;5;4;227;2.5;0;0;0;0;0;0;2;0;0.0;0.0;0.2;0.2;5;13;3;0.00;0.00;0.00;0.00;0.00;0.01;0.07;0.08;0.01;0.08;Matches
95;David Carmo;ao ANG;DF;Oviedo;26-175;1999;13;11;1,002;11.1;1;0;1;1;0;0;6;1;0.8;0.8;0.1;0.9;7;42;2;0.09;0.00;0.09;0.09;0.09;0.07;0.01;0.08;0.07;0.08;Matches
96;Carmona;es ESP;DF;Sevilla;23-346;2002;16;15;1,358;15.1;1;3;4;1;0;0;8;0;0.4;0.4;1.2;1.6;29;45;54;0.07;0.20;0.27;0.07;0.27;0.02;0.08;0.11;0.02;0.11;Matches
97;Sergio Carreira;es ESP;MF,DF;Celta Vigo;25-089;2000;15;14;1,283;14.3;1;1;2;1;0;0;1;0;0.6;0.6;0.4;1.0;26;69;93;0.07;0.07;0.14;0.07;0.14;0.04;0.03;0.07;0.04;0.07;Matches
98;Gorka Carrera;es ESP;FW;Real Sociedad;20-240;2005;1;0;14;0.2;0;0;0;0;0;0;0;0;0.0;0.0;0.0;0.0;0;0;1;0.00;0.00;0.00;0.00;0.00;0.00;0.00;0.00;0.00;0.00;Matches
99;Álvaro Carreras;es ESP;DF;Real Madrid;22-293;2003;17;16;1,428;15.9;1;1;2;1;0;0;3;1;0.2;0.2;1.0;1.2;38;132;89;0.06;0.06;0.13;0.06;0.13;0.01;0.06;0.07;0.01;0.07;Matches
100;Dani Carvajal;es ESP;DF;Real Madrid;33-364;1992;7;4;376;4.2;0;0;0;0;0;0;0;0;0.2;0.2;0.5;0.7;3;18;20;0.00;0.00;0.00;0.00;0.00;0.04;0.12;0.16;0.04;0.16;Matches
101;Marc Casado;es ESP;MF;Barcelona;22-118;2003;13;6;549;6.1;0;1;1;0;0;0;0;0;0.3;0.3;0.2;0.5;7;27;9;0.00;0.16;0.16;0.00;0.16;0.05;0.03;0.08;0.05;0.08;Matches
102;Castrin;es ESP;DF;Sevilla;23-009;2003;8;7;603;6.7;0;0;0;0;0;0;3;0;0.2;0.2;0.0;0.3;2;21;1;0.00;0.00;0.00;0.00;0.00;0.03;0.01;0.04;0.03;0.04;Matches
103;Jonny Castro;es ESP;DF;Alavés;31-313;1994;18;18;1,6;17.8;0;0;0;0;0;0;3;0;0.3;0.3;0.9;1.3;22;73;31;0.00;0.00;0.00;0.00;0.00;0.02;0.05;0.07;0.02;0.07;Matches
104;Catena;es ESP;DF;Osasuna;31-074;1994;17;17;1,53;17.0;2;1;3;2;0;0;7;0;1.6;1.6;0.3;1.9;2;39;9;0.12;0.06;0.18;0.12;0.18;0.09;0.02;0.11;0.09;0.11;Matches
105;Santi Cazorla;es ESP;MF,FW;Oviedo;41-028;1984;11;4;432;4.8;0;0;0;0;0;0;0;1;0.2;0.2;0.9;1.1;4;33;16;0.00;0.00;0.00;0.00;0.00;0.04;0.19;0.23;0.04;0.23;Matches
106;Dani Ceballos;es ESP;MF;Real Madrid;29-156;1996;11;4;367;4.1;0;0;0;0;0;0;0;0;0.0;0.0;0.3;0.4;6;40;10;0.00;0.00;0.00;0.00;0.00;0.01;0.08;0.09;0.01;0.09;Matches
107;Ilyas Chaira;ma MAR;FW,MF;Oviedo;24-342;2001;16;13;952;10.6;0;1;1;0;0;0;0;1;2.0;2.0;1.0;3.1;39;34;77;0.00;0.09;0.09;0.00;0.09;0.19;0.10;0.29;0.19;0.29;Matches
108;Pep Chavarría;es ESP;DF;Rayo Vallecano;27-275;1998;18;17;1,552;17.2;1;2;3;1;0;0;4;0;0.4;0.4;1.7;2.1;67;90;92;0.06;0.12;0.17;0.06;0.17;0.02;0.10;0.12;0.02;0.12;Matches
109;Andreas Christensen;dk DEN;DF;Barcelona;29-275;1996;12;3;380;4.2;0;0;0;0;0;0;1;0;0.1;0.1;0.0;0.1;3;16;0;0.00;0.00;0.00;0.00;0.00;0.02;0.00;0.02;0.02;0.02;Matches
110;Víctor Chust;es ESP;DF;Elche;25-311;2000;13;10;956;10.6;0;0;0;0;0;0;5;1;0.3;0.3;0.1;0.3;16;50;1;0.00;0.00;0.00;0.00;0.00;0.03;0.00;0.03;0.03;0.03;Matches
111;Pathé Ciss;sn SEN;MF,DF;Rayo Vallecano;31-300;1994;14;10;962;10.7;0;0;0;0;0;0;3;1;1.3;1.3;0.2;1.5;15;74;7;0.00;0.00;0.00;0.00;0.00;0.12;0.02;0.14;0.12;0.14;Matches
112;Santiago Colombatto;ar ARG;MF;Oviedo;28-358;1997;14;12;1,065;11.8;0;1;1;0;0;0;4;0;0.4;0.4;1.4;1.8;5;56;30;0.00;0.08;0.08;0.00;0.08;0.04;0.12;0.15;0.04;0.15;Matches
113;Eray Cömert;ch SUI;DF;Valencia;27-340;1998;3;1;117;1.3;0;0;0;0;0;0;0;0;0.0;0.0;0.0;0.0;1;3;1;0.00;0.00;0.00;0.00;0.00;0.00;0.00;0.00;0.00;0.00;Matches
114;Santi Comesaña;es ESP;MF;Villarreal;29-097;1996;16;14;1,153;12.8;2;2;4;2;0;0;3;0;2.8;2.8;1.2;4.0;13;64;42;0.16;0.16;0.31;0.16;0.31;0.22;0.09;0.31;0.22;0.31;Matches
115;Copete;es ESP;DF;Valencia;26-092;1999;15;13;1,229;13.7;0;0;0;0;0;0;4;0;1.4;1.4;0.2;1.6;3;53;3;0.00;0.00;0.00;0.00;0.00;0.10;0.01;0.12;0.10;0.12;Matches
116;Thierry Correia;pt POR;DF;Valencia;26-307;1999;13;11;918;10.2;0;1;1;0;0;0;3;0;0.3;0.3;0.7;1.0;14;41;65;0.00;0.10;0.10;0.00;0.10;0.03;0.07;0.10;0.03;0.10;Matches
117;Coba da Costa;es ESP;MF,FW;Getafe;23-168;2002;13;2;342;3.8;0;0;0;0;0;0;1;0;0.3;0.3;0.1;0.4;10;12;35;0.00;0.00;0.00;0.00;0.00;0.08;0.03;0.11;0.08;0.11;Matches
118;Samu Costa;pt POR;MF;Mallorca;25-044;2000;15;12;1,104;12.3;3;0;3;3;0;0;7;0;0.7;0.7;0.9;1.6;7;42;27;0.24;0.00;0.24;0.24;0.24;0.06;0.07;0.13;0.06;0.13;Matches
119;David Costas;es ESP;DF;Oviedo;30-290;1995;13;12;1,07;11.9;0;0;0;0;0;0;0;0;0.4;0.4;0.1;0.6;4;29;1;0.00;0.00;0.00;0.00;0.00;0.04;0.01;0.05;0.04;0.05;Matches
120;Thibaut Courtois;be BEL;GK;Real Madrid;33-244;1992;19;19;1,71;19.0;0;0;0;0;0;0;0;0;0.0;0.0;0.2;0.2;0;2;0;0.00;0.00;0.00;0.00;0.00;0.00;0.01;0.01;0.00;0.01;Matches
121;Juan Cruz Armada;es ESP;DF;Osasuna;33-166;1992;12;7;580;6.4;0;0;0;0;0;0;0;0;0.4;0.4;0.1;0.5;3;14;4;0.00;0.00;0.00;0.00;0.00;0.06;0.01;0.07;0.06;0.07;Matches
122;Pau Cubarsí;es ESP;DF;Barcelona;18-353;2007;15;15;1,297;14.4;0;0;0;0;0;0;1;0;0.3;0.3;0.4;0.7;17;77;1;0.00;0.00;0.00;0.00;0.00;0.02;0.03;0.05;0.02;0.05;Matches
123;Cucho;co COL;FW;Betis;26-265;1999;18;18;1,566;17.4;8;3;11;7;1;1;2;0;6.9;6.2;3.5;9.7;28;46;106;0.46;0.17;0.63;0.40;0.57;0.40;0.20;0.60;0.35;0.56;Matches
124;Pablo Cuñat;es ESP;GK;Levante;23-257;2002;2;2;180;2.0;0;0;0;0;0;0;0;0;0.0;0.0;0.0;0.0;0;0;0;0.00;0.00;0.00;0.00;0.00;0.00;0.00;0.00;0.00;0.00;Matches
125;Arnaut Danjuma;nl NED;FW,MF;Valencia;28-344;1997;17;13;1,096;12.2;3;1;4;3;0;1;0;0;3.7;2.9;1.2;4.1;45;18;81;0.25;0.08;0.33;0.25;0.33;0.31;0.10;0.41;0.24;0.34;Matches
126;Sergi Darder;es ESP;MF,FW;Mallorca;32-019;1993;18;15;1,286;14.3;0;1;1;0;0;0;3;0;1.2;1.2;2.2;3.5;31;74;48;0.00;0.07;0.07;0.00;0.07;0.09;0.16;0.24;0.09;0.24;Matches
127;Davinchi;es ESP;DF;Getafe;18-086;2007;7;4;429;4.8;0;0;0;0;0;0;1;0;0.2;0.2;0.0;0.2;3;11;12;0.00;0.00;0.00;0.00;0.00;0.04;0.01;0.05;0.04;0.05;Matches
128;Leander Dendoncker;be BEL;MF;Oviedo;30-270;1995;15;15;1,286;14.3;1;0;1;1;0;0;2;0;0.8;0.8;0.4;1.2;15;46;19;0.07;0.00;0.07;0.07;0.07;0.06;0.03;0.09;0.06;0.09;Matches
129;Nelson Deossa;co COL;MF;Betis;25-338;2000;10;5;407;4.5;0;0;0;0;0;0;2;0;0.3;0.3;0.2;0.5;12;19;8;0.00;0.00;0.00;0.00;0.00;0.06;0.05;0.11;0.06;0.11;Matches
130;Bambo Diaby;sn SEN;DF;Elche;28-024;1997;3;1;79;0.9;0;0;0;0;0;0;0;0;0.0;0.0;0.0;0.0;0;2;0;0.00;0.00;0.00;0.00;0.00;0.00;0.00;0.00;0.00;0.00;Matches
131;Mouctar Diakhaby;gn GUI;DF;Valencia;29-022;1996;8;7;543;6.0;1;0;1;1;0;0;3;0;0.5;0.5;0.0;0.6;2;18;4;0.17;0.00;0.17;0.17;0.17;0.09;0.01;0.10;0.09;0.10;Matches
132;Grady Diangana;cd COD;MF,FW;Elche;27-266;1998;8;5;317;3.5;0;0;0;0;0;0;1;0;0.3;0.3;0.1;0.4;6;9;17;0.00;0.00;0.00;0.00;0.00;0.08;0.04;0.12;0.08;0.12;Matches
133;Moussa Diarra;ml MLI;DF;Alavés;25-061;2000;3;3;216;2.4;0;0;0;0;0;0;1;0;0.0;0.0;0.0;0.0;3;1;5;0.00;0.00;0.00;0.00;0.00;0.00;0.01;0.01;0.00;0.01;Matches
134;Brahim Díaz;ma MAR;FW,MF;Real Madrid;26-160;1999;12;3;319;3.5;0;2;2;0;0;0;1;0;0.3;0.3;1.7;1.9;13;9;33;0.00;0.56;0.56;0.00;0.56;0.08;0.47;0.55;0.08;0.55;Matches
135;Pedro Díaz;es ESP;MF,FW;Rayo Vallecano;27-219;1998;15;10;836;9.3;0;0;0;0;0;0;0;0;0.7;0.7;0.6;1.2;10;30;37;0.00;0.00;0.00;0.00;0.00;0.07;0.06;0.13;0.07;0.13;Matches
136;Matías Dituro;ar ARG;GK;Elche;38-247;1987;6;6;540;6.0;0;0;0;0;0;0;1;0;0.0;0.0;0.0;0.0;0;0;0;0.00;0.00;0.00;0.00;0.00;0.00;0.01;0.01;0.00;0.01;Matches
137;Djené;tg TOG;DF,MF;Getafe;34-010;1991;18;16;1,314;14.6;0;0;0;0;0;0;5;0;0.1;0.1;0.0;0.2;6;28;2;0.00;0.00;0.00;0.00;0.00;0.01;0.00;0.01;0.01;0.01;Matches
138;Marko Dmitrović;rs SRB;GK;Espanyol;33-351;1992;18;18;1,62;18.0;0;0;0;0;0;0;0;0;0.0;0.0;0.0;0.0;0;2;0;0.00;0.00;0.00;0.00;0.00;0.00;0.00;0.00;0.00;0.00;Matches
139;Tyrhys Dolan;eng ENG;FW,MF;Espanyol;24-013;2001;17;14;1,225;13.6;0;3;3;0;0;0;3;1;1.4;1.4;2.5;3.9;54;30;96;0.00;0.22;0.22;0.00;0.22;0.10;0.18;0.29;0.10;0.29;Matches
140;Marc Domenech;es ESP;FW,MF;Mallorca;20-009;2006;7;2;214;2.4;0;1;1;0;0;0;0;0;0.1;0.1;0.4;0.5;1;4;17;0.00;0.42;0.42;0.00;0.42;0.05;0.16;0.21;0.05;0.21;Matches
141;Carlos Dominguez;es ESP;DF;Celta Vigo;24-333;2001;6;4;436;4.8;0;0;0;0;0;0;1;0;0.0;0.0;0.1;0.1;2;10;0;0.00;0.00;0.00;0.00;0.00;0.01;0.01;0.02;0.01;0.02;Matches
142;John Donald;es ESP;DF,MF;Elche;25-133;2000;11;3;303;3.4;1;0;1;1;0;0;1;0;0.4;0.4;0.0;0.4;2;9;6;0.30;0.00;0.30;0.30;0.30;0.10;0.00;0.10;0.10;0.10;Matches
143;Domingos Duarte;pt POR;DF;Getafe;30-306;1995;16;16;1,354;15.0;0;0;0;0;0;0;4;0;0.6;0.6;0.0;0.6;1;30;1;0.00;0.00;0.00;0.00;0.00;0.04;0.00;0.04;0.04;0.04;Matches
144;Pablo Durán;es ESP;FW,MF;Celta Vigo;24-230;2001;14;8;699;7.8;2;1;3;2;0;0;0;0;2.2;2.2;0.9;3.1;5;14;49;0.26;0.13;0.39;0.26;0.39;0.28;0.12;0.40;0.28;0.40;Matches
145;Hugo Duro;es ESP;FW;Valencia;26-061;1999;18;11;1,083;12.0;6;0;6;6;0;0;4;0;4.3;4.3;0.5;4.8;4;14;49;0.50;0.00;0.50;0.50;0.50;0.36;0.04;0.40;0.36;0.40;Matches
146;Ovie Ejaria;eng ENG;MF;Oviedo;28-053;1997;7;2;180;2.0;0;0;0;0;0;0;1;0;0.1;0.1;0.1;0.2;7;11;6;0.00;0.00;0.00;0.00;0.00;0.07;0.04;0.11;0.07;0.11;Matches
147;Chidera Ejuke;ng NGA;FW,MF;Sevilla;28-008;1998;12;4;390;4.3;1;1;2;1;0;0;0;0;1.0;1.0;1.1;2.1;16;19;44;0.23;0.23;0.46;0.23;0.46;0.22;0.25;0.47;0.22;0.47;Matches
148;Unai Elgezabal;es ESP;DF,MF;Levante;32-260;1993;11;11;932;10.4;0;0;0;0;0;0;2;0;0.6;0.6;0.2;0.8;1;13;1;0.00;0.00;0.00;0.00;0.00;0.06;0.02;0.08;0.06;0.08;Matches
149;Aritz Elustondo;es ESP;DF;Real Sociedad;31-288;1994;8;4;337;3.7;0;0;0;0;0;0;0;0;0.2;0.2;0.0;0.2;2;10;2;0.00;0.00;0.00;0.00;0.00;0.04;0.00;0.04;0.04;0.04;Matches
150;Endrick;br BRA;FW;Real Madrid;19-173;2006;1;0;12;0.1;0;0;0;0;0;0;0;0;0.0;0.0;0.0;0.0;1;0;0;0.00;0.00;0.00;0.00;0.00;0.00;0.00;0.00;0.00;0.00;Matches
151;Aarón Escandell;es ESP;GK;Oviedo;30-105;1995;18;18;1,62;18.0;0;0;0;0;0;0;1;0;0.0;0.0;0.0;0.0;0;0;0;0.00;0.00;0.00;0.00;0.00;0.00;0.00;0.00;0.00;0.00;Matches
152;Carlos Espí;es ESP;FW;Levante;20-170;2005;6;0;123;1.4;1;0;1;1;0;0;0;0;0.3;0.3;0.0;0.3;0;1;3;0.73;0.00;0.73;0.73;0.73;0.19;0.00;0.19;0.19;0.19;Matches
153;Alfonso Espino;uy URU;FW,DF;Rayo Vallecano;34-005;1992;12;3;372;4.1;1;0;1;1;0;0;0;0;1.0;1.0;0.5;1.5;5;9;38;0.24;0.00;0.24;0.24;0.24;0.23;0.13;0.36;0.23;0.36;Matches
154;Marco Esteban;es ESP;DF;Oviedo;20-009;2006;1;0;45;0.5;0;0;0;0;0;0;0;0;0.0;0.0;0.0;0.0;0;0;0;0.00;0.00;0.00;0.00;0.00;0.00;0.00;0.00;0.00;0.00;Matches
155;Karl Etta Eyong;cm CMR;FW;Villarreal;22-088;2003;3;3;256;2.8;1;2;3;1;0;0;0;0;0.9;0.9;0.7;1.7;3;4;10;0.35;0.70;1.05;0.35;1.05;0.33;0.26;0.59;0.33;0.59;Matches
156;Karl Etta Eyong;cm CMR;FW;Levante;22-088;2003;12;12;959;10.7;5;1;6;5;0;1;2;0;5.4;4.7;1.5;6.2;6;10;47;0.47;0.09;0.56;0.47;0.56;0.51;0.14;0.65;0.44;0.58;Matches
157;Edu Expósito;es ESP;MF;Espanyol;29-162;1996;17;15;1,182;13.1;0;5;5;0;0;0;3;0;0.9;0.9;3.9;4.8;28;93;46;0.00;0.38;0.38;0.00;0.38;0.07;0.30;0.36;0.07;0.36;Matches
158;Abde Ezzalzouli;ma MAR;FW;Betis;24-024;2001;11;9;780;8.7;3;3;6;3;0;0;1;0;3.6;3.6;3.0;6.5;45;22;90;0.35;0.35;0.69;0.35;0.69;0.41;0.34;0.75;0.41;0.75;Matches
159;Omar Falah;es ESP;DF,MF;Oviedo;22-123;2003;1;0;14;0.2;0;0;0;0;0;0;0;0;0.0;0.0;0.0;0.0;0;0;3;0.00;0.00;0.00;0.00;0.00;0.00;0.00;0.00;0.00;0.00;Matches
160;Aleix Febas;es ESP;MF;Elche;29-342;1996;18;18;1,62;18.0;1;1;2;1;0;0;4;0;1.4;1.4;0.8;2.2;61;134;67;0.06;0.06;0.11;0.06;0.11;0.08;0.04;0.12;0.08;0.12;Matches
161;Luiz Felipe;it ITA;DF;Rayo Vallecano;28-294;1997;7;5;282;3.1;0;0;0;0;0;0;1;0;0.4;0.4;0.0;0.4;2;6;0;0.00;0.00;0.00;0.00;0.00;0.12;0.00;0.12;0.12;0.12;Matches
162;Kiko Femenía;es ESP;DF,FW;Getafe;34-342;1991;15;13;1,043;11.6;0;1;1;0;0;0;2;0;0.1;0.1;0.6;0.7;16;42;34;0.00;0.09;0.09;0.00;0.09;0.01;0.06;0.06;0.01;0.06;Matches
163;Manu Fernández;es ESP;DF;Celta Vigo;24-262;2001;10;8;642;7.1;0;0;0;0;0;0;2;0;0.0;0.0;0.0;0.0;5;27;0;0.00;0.00;0.00;0.00;0.00;0.01;0.00;0.01;0.01;0.01;Matches
164;Pedro Fernandez;es ESP;FW,MF;Barcelona;17-363;2008;4;1;92;1.0;0;0;0;0;0;0;0;0;0.0;0.0;0.1;0.1;0;5;6;0.00;0.00;0.00;0.00;0.00;0.00;0.06;0.06;0.00;0.06;Matches
165;Pelayo Fernandez;es ESP;DF;Rayo Vallecano;22-256;2003;1;0;45;0.5;0;0;0;0;0;0;0;0;0.0;0.0;0.0;0.0;0;1;0;0.00;0.00;0.00;0.00;0.00;0.07;0.00;0.07;0.07;0.07;Matches
166;Roberto Férnandez;es ESP;FW;Espanyol;23-191;2002;18;14;1,287;14.3;4;2;6;3;1;1;1;0;5.1;4.3;3.0;7.3;13;15;55;0.28;0.14;0.42;0.21;0.35;0.36;0.21;0.57;0.30;0.51;Matches
167;Toni Fernández;es ESP;FW;Barcelona;17-179;2008;1;1;45;0.5;0;0;0;0;0;0;0;0;0.0;0.0;0.1;0.1;0;0;2;0.00;0.00;0.00;0.00;0.00;0.00;0.15;0.15;0.00;0.15;Matches
168;Junior Firpo;do DOM;DF;Betis;29-141;1996;7;5;460;5.1;0;1;1;0;0;0;2;0;0.4;0.4;0.6;1.0;7;23;28;0.00;0.20;0.20;0.00;0.20;0.08;0.12;0.20;0.08;0.20;Matches
169;Nicolas Fonseca;uy URU;MF;Oviedo;27-083;1998;1;0;17;0.2;0;0;0;0;0;0;0;0;0.0;0.0;0.0;0.0;0;1;0;0.00;0.00;0.00;0.00;0.00;0.10;0.07;0.17;0.10;0.17;Matches
170;Álex Forés;es ESP;FW;Oviedo;24-273;2001;11;1;199;2.2;0;0;0;0;0;0;0;0;1.0;1.0;0.0;1.0;4;0;9;0.00;0.00;0.00;0.00;0.00;0.46;0.00;0.46;0.46;0.46;Matches
171;Pablo Fornals;es ESP;MF;Betis;29-322;1996;18;18;1,479;16.4;4;4;8;4;0;0;1;0;2.2;2.2;3.2;5.4;27;128;81;0.24;0.24;0.49;0.24;0.49;0.13;0.20;0.33;0.13;0.33;Matches
172;Héctor Fort;es ESP;DF;Elche;19-161;2006;9;5;327;3.6;1;2;3;1;0;0;0;0;0.5;0.5;0.4;0.9;18;10;30;0.28;0.55;0.83;0.28;0.83;0.15;0.11;0.25;0.15;0.25;Matches
173;Dimitri Foulquier;fr FRA;DF;Valencia;32-293;1993;11;9;806;9.0;0;0;0;0;0;0;0;0;0.3;0.3;0.2;0.5;6;29;16;0.00;0.00;0.00;0.00;0.00;0.03;0.03;0.05;0.03;0.05;Matches
174;Juan Foyth;ar ARG;DF;Villarreal;27-363;1998;10;9;731;8.1;0;0;0;0;0;0;1;0;0.1;0.1;0.0;0.1;2;30;0;0.00;0.00;0.00;0.00;0.00;0.02;0.00;0.02;0.02;0.02;Matches
175;Alejandro Francés;es ESP;DF;Girona;23-162;2002;9;5;429;4.8;0;0;0;0;0;0;1;1;0.1;0.1;0.6;0.7;8;16;5;0.00;0.00;0.00;0.00;0.00;0.01;0.11;0.13;0.01;0.13;Matches
176;Jorge de Frutos;es ESP;FW,MF;Rayo Vallecano;28-324;1997;16;16;1,169;13.0;5;1;6;5;0;0;1;0;3.9;3.9;1.9;5.8;34;21;85;0.38;0.08;0.46;0.38;0.46;0.30;0.14;0.44;0.30;0.44;Matches
177;Javi Galán;es ESP;DF;Osasuna;31-052;1994;1;1;90;1.0;0;0;0;0;0;0;0;0;0.0;0.0;0.1;0.1;3;2;1;0.00;0.00;0.00;0.00;0.00;0.00;0.09;0.09;0.00;0.09;Matches
178;Javi Galán;es ESP;DF;Atlético Madrid;31-052;1994;5;1;134;1.5;0;0;0;0;0;0;0;0;0.0;0.0;0.1;0.1;5;1;9;0.00;0.00;0.00;0.00;0.00;0.00;0.05;0.05;0.00;0.05;Matches
179;Iñigo Ruiz de Galarreta;es ESP;MF;Athletic Club;32-157;1993;17;16;1,092;12.1;0;0;0;0;0;0;8;0;0.3;0.3;1.0;1.2;10;95;17;0.00;0.00;0.00;0.00;0.00;0.02;0.08;0.10;0.02;0.10;Matches
180;Conor Gallagher;eng ENG;MF;Atlético Madrid;25-338;2000;19;4;679;7.5;2;0;2;2;0;0;2;0;1.1;1.1;0.5;1.6;19;26;34;0.27;0.00;0.27;0.27;0.27;0.15;0.06;0.21;0.15;0.21;Matches
181;Facundo Garcés;my MAS;DF;Alavés;26-127;1999;6;6;540;6.0;0;0;0;0;0;0;2;0;0.1;0.1;0.0;0.1;0;4;1;0.00;0.00;0.00;0.00;0.00;0.02;0.00;0.02;0.02;0.02;Matches
182;Álvaro García;es ESP;FW,MF;Rayo Vallecano;33-075;1992;18;14;1,244;13.8;3;1;4;3;0;0;2;0;5.1;5.1;2.9;7.9;19;22;116;0.22;0.07;0.29;0.22;0.29;0.37;0.21;0.57;0.37;0.57;Matches
183;Eric García;es ESP;DF,MF;Barcelona;25-001;2001;19;17;1,468;16.3;1;0;1;1;0;0;1;0;2.4;2.4;1.3;3.7;16;111;30;0.06;0.00;0.06;0.06;0.06;0.15;0.08;0.23;0.15;0.23;Matches
184;Fran Garcia;es ESP;DF;Real Madrid;26-149;1999;7;5;414;4.6;1;0;1;1;0;0;2;1;0.7;0.7;0.1;0.8;11;11;52;0.22;0.00;0.22;0.22;0.22;0.15;0.01;0.17;0.15;0.17;Matches
185;Gonzalo García;es ESP;FW,MF;Real Madrid;21-292;2004;14;2;265;2.9;3;0;3;3;0;0;0;0;2.5;2.5;0.3;2.8;1;5;13;1.02;0.00;1.02;1.02;1.02;0.85;0.10;0.94;0.85;0.94;Matches
186;Joan García;es ESP;GK;Barcelona;24-251;2001;13;13;1,17;13.0;0;0;0;0;0;0;1;0;0.0;0.0;0.0;0.0;0;0;0;0.00;0.00;0.00;0.00;0.00;0.00;0.00;0.00;0.00;0.00;Matches
187;Pablo Garcia;es ESP;FW;Betis;19-211;2006;11;2;298;3.3;0;0;0;0;0;0;1;0;1.1;1.1;0.1;1.1;12;7;29;0.00;0.00;0.00;0.00;0.00;0.32;0.02;0.34;0.32;0.34;Matches
188;Rubén García;es ESP;FW,MF;Osasuna;32-180;1993;16;10;868;9.6;2;4;6;2;0;0;1;0;0.7;0.7;1.9;2.6;10;25;43;0.21;0.41;0.62;0.21;0.62;0.08;0.20;0.27;0.08;0.27;Matches
189;Víctor García;es ESP;DF,MF;Levante;28-116;1997;10;4;351;3.9;0;0;0;0;0;0;0;0;0.2;0.2;0.3;0.4;11;7;19;0.00;0.00;0.00;0.00;0.00;0.04;0.07;0.11;0.04;0.11;Matches
190;Gavi;es ESP;MF,DF;Barcelona;21-158;2004;2;0;67;0.7;0;1;1;0;0;0;0;0;0.0;0.0;0.2;0.2;1;11;3;0.00;1.34;1.34;0.00;1.34;0.00;0.23;0.23;0.00;0.23;Matches
191;Paulo Gazzaniga;ar ARG;GK;Girona;34-008;1992;17;17;1,482;16.5;0;0;0;0;0;0;2;1;0.0;0.0;0.0;0.0;0;0;0;0.00;0.00;0.00;0.00;0.00;0.00;0.00;0.00;0.00;0.00;Matches
192;Mourad El Ghezouani;ma MAR;FW;Elche;27-228;1998;2;0;50;0.6;0;0;0;0;0;0;0;0;0.1;0.1;0.0;0.1;0;1;4;0.00;0.00;0.00;0.00;0.00;0.12;0.04;0.15;0.12;0.15;Matches
193;Bryan Gil;es ESP;MF,FW;Girona;24-333;2001;15;9;774;8.6;0;3;3;0;0;0;4;0;1.7;1.7;1.3;3.0;37;22;72;0.00;0.35;0.35;0.00;0.35;0.20;0.15;0.35;0.20;0.35;Matches
194;Moi Gómez;es ESP;MF;Osasuna;31-201;1994;14;9;821;9.1;0;0;0;0;0;0;1;0;0.2;0.2;0.7;0.9;11;79;19;0.00;0.00;0.00;0.00;0.00;0.02;0.08;0.10;0.02;0.10;Matches
195;Sergio Gómez;es ESP;DF;Real Sociedad;25-128;2000;19;15;1,364;15.2;0;0;0;0;0;0;1;0;0.8;0.8;2.4;3.1;18;76;71;0.00;0.00;0.00;0.00;0.00;0.05;0.16;0.21;0.05;0.21;Matches
196;Unai Gómez;es ESP;FW,MF;Athletic Club;22-230;2003;11;2;316;3.5;0;0;0;0;0;0;0;0;0.5;0.5;0.2;0.7;4;7;18;0.00;0.00;0.00;0.00;0.00;0.15;0.06;0.21;0.15;0.21;Matches
197;Valentín Gómez;ar ARG;DF;Betis;22-198;2003;13;8;834;9.3;1;0;1;1;0;0;3;0;0.7;0.7;0.4;1.1;8;29;22;0.11;0.00;0.11;0.11;0.11;0.07;0.04;0.11;0.07;0.11;Matches
198;Nicolás González;ar ARG;MF,DF;Atlético Madrid;27-279;1998;15;13;931;10.3;1;0;1;1;0;0;2;0;2.1;2.1;1.3;3.4;22;27;72;0.10;0.00;0.10;0.10;0.10;0.20;0.13;0.33;0.20;0.33;Matches
199;Urko González;es ESP;MF;Espanyol;24-296;2001;16;10;982;10.9;0;1;1;0;0;0;3;0;0.2;0.2;0.1;0.4;5;34;7;0.00;0.09;0.09;0.00;0.09;0.02;0.01;0.03;0.02;0.03;Matches
200;Urko González;es ESP;MF;Real Sociedad;24-296;2001;1;0;11;0.1;0;0;0;0;0;0;0;0;0.0;0.0;0.0;0.0;0;1;0;0.00;0.00;0.00;0.00;0.00;0.00;0.00;0.00;0.00;0.00;Matches
201;Andoni Gorosabel;es ESP;DF;Athletic Club;29-159;1996;9;6;483;5.4;0;1;1;0;0;0;2;0;0.2;0.2;0.3;0.5;10;27;39;0.00;0.19;0.19;0.00;0.19;0.04;0.05;0.09;0.04;0.09;Matches
202;Jon Gorrotxategi;es ESP;MF;Real Sociedad;23-342;2002;17;15;1,339;14.9;1;1;2;1;0;0;6;0;0.6;0.6;0.5;1.1;14;61;12;0.07;0.07;0.13;0.07;0.13;0.04;0.03;0.07;0.04;0.07;Matches
203;Mikel Goti;es ESP;MF;Real Sociedad;23-232;2002;4;1;76;0.8;0;0;0;0;0;0;0;0;0.3;0.3;0.0;0.3;2;6;7;0.00;0.00;0.00;0.00;0.00;0.41;0.00;0.41;0.41;0.41;Matches
204;Antoine Griezmann;fr FRA;FW,MF;Atlético Madrid;34-295;1991;19;5;702;7.8;6;0;6;6;0;0;0;0;4.8;4.8;0.9;5.7;10;39;60;0.77;0.00;0.77;0.77;0.77;0.62;0.12;0.74;0.62;0.74;Matches
205;Nemanja Gudelj;rs SRB;MF,DF;Sevilla;34-055;1991;15;10;978;10.9;1;0;1;1;0;0;4;0;0.5;0.5;0.1;0.6;4;27;2;0.09;0.00;0.09;0.09;0.09;0.05;0.01;0.06;0.05;0.06;Matches
206;Gonçalo Guedes;pt POR;MF,FW;Real Sociedad;29-042;1996;19;13;970;10.8;4;1;5;4;0;0;1;0;2.1;2.1;1.1;3.2;27;32;102;0.37;0.09;0.46;0.37;0.46;0.20;0.10;0.30;0.20;0.30;Matches
207;Javier Guerra;es ESP;MF;Valencia;23-009;2003;18;13;1,011;11.2;0;2;2;0;0;0;2;0;1.1;1.1;1.6;2.7;23;61;26;0.00;0.18;0.18;0.00;0.18;0.10;0.14;0.24;0.10;0.24;Matches
208;Daniel Guerrero;es ESP;MF;Betis;20-168;2005;1;0;1;0.0;0;0;0;0;0;0;0;0;0.0;0.0;0.0;0.0;0;0;1;0.00;0.00;0.00;0.00;0.00;0.00;0.00;0.00;0.00;0.00;Matches
209;Ander Guevara;es ESP;MF;Alavés;28-187;1997;11;2;355;3.9;1;0;1;1;0;0;2;0;0.1;0.1;0.1;0.2;2;21;5;0.25;0.00;0.25;0.25;0.25;0.03;0.02;0.04;0.03;0.04;Matches
210;Pape Gueye;sn SEN;MF;Villarreal;26-351;1999;13;9;776;8.6;2;1;3;2;0;0;5;0;1.0;1.0;1.0;1.9;12;65;18;0.23;0.12;0.35;0.23;0.35;0.11;0.11;0.22;0.11;0.22;Matches
211;Arda Güler;tr TUR;MF;Real Madrid;20-319;2005;19;15;1,152;12.8;3;6;9;3;0;0;1;0;3.6;3.6;5.4;9.0;24;91;54;0.23;0.47;0.70;0.23;0.70;0.28;0.42;0.70;0.28;0.70;Matches
212;Gerard Gumbau;es ESP;MF;Rayo Vallecano;31-023;1994;12;2;261;2.9;0;1;1;0;0;0;1;0;0.2;0.2;0.2;0.4;6;13;7;0.00;0.34;0.34;0.00;0.34;0.07;0.09;0.15;0.07;0.15;Matches
213;Jon Guridi;es ESP;MF,FW;Alavés;30-316;1995;11;5;389;4.3;0;0;0;0;0;0;0;0;0.9;0.9;0.0;0.9;9;21;16;0.00;0.00;0.00;0.00;0.00;0.21;0.00;0.21;0.21;0.21;Matches
214;Gorka Guruzeta;es ESP;FW;Athletic Club;29-120;1996;17;13;1,068;11.9;2;0;2;2;0;0;1;0;4.8;4.8;0.8;5.7;4;19;67;0.17;0.00;0.17;0.17;0.17;0.41;0.07;0.48;0.41;0.48;Matches
215;Dávid Hancko;sk SVK;DF;Atlético Madrid;28-028;1997;19;17;1,532;17.0;0;2;2;0;0;0;0;0;0.6;0.6;1.8;2.4;31;101;50;0.00;0.12;0.12;0.00;0.12;0.04;0.11;0.14;0.04;0.14;Matches
216;Haissem Hassan;fr FRA;FW,MF;Oviedo;23-336;2002;17;9;944;10.5;0;1;1;0;0;0;1;0;1.1;1.1;0.7;1.9;71;29;57;0.00;0.10;0.10;0.00;0.10;0.11;0.07;0.18;0.11;0.18;Matches
217;Jorge Herrando;es ESP;DF;Osasuna;24-316;2001;14;7;673;7.5;0;0;0;0;0;0;1;0;0.3;0.3;0.0;0.3;1;12;2;0.00;0.00;0.00;0.00;0.00;0.04;0.00;0.04;0.04;0.04;Matches
218;Sergio Herrera;es ESP;GK;Osasuna;32-219;1993;18;18;1,62;18.0;0;0;0;0;0;0;1;0;0.0;0.0;0.0;0.0;0;4;0;0.00;0.00;0.00;0.00;0.00;0.00;0.00;0.00;0.00;0.00;Matches
219;Yangel Herrera;ve VEN;MF;Girona;27-361;1998;2;2;110;1.2;0;0;0;0;0;0;0;0;0.0;0.0;0.0;0.0;2;2;3;0.00;0.00;0.00;0.00;0.00;0.03;0.00;0.03;0.03;0.03;Matches
220;Yangel Herrera;ve VEN;MF;Real Sociedad;27-361;1998;2;2;88;1.0;0;0;0;0;0;0;1;0;0.3;0.3;0.0;0.3;3;2;2;0.00;0.00;0.00;0.00;0.00;0.26;0.00;0.26;0.26;0.26;Matches
221;Omar El Hilali;ma MAR;DF;Espanyol;22-120;2003;18;15;1,345;14.9;0;2;2;0;0;0;4;0;0.0;0.0;1.3;1.3;14;62;23;0.00;0.13;0.13;0.00;0.13;0.00;0.09;0.09;0.00;0.09;Matches
222;Ali Houary;ma MAR;MF;Elche;20-158;2005;2;2;123;1.4;0;0;0;0;0;0;0;0;0.1;0.1;0.0;0.1;2;4;0;0.00;0.00;0.00;0.00;0.00;0.05;0.00;0.05;0.05;0.05;Matches
223;Dean Huijsen;es ESP;DF;Real Madrid;20-271;2005;13;12;964;10.7;1;1;2;1;0;0;3;1;1.5;1.5;1.1;2.6;13;75;6;0.09;0.09;0.19;0.09;0.19;0.14;0.10;0.24;0.14;0.24;Matches
224;Pablo Ibáñez;es ESP;MF;Alavés;27-112;1998;18;13;1,046;11.6;1;0;1;1;0;0;3;0;3.0;3.0;0.5;3.5;28;49;46;0.09;0.00;0.09;0.09;0.09;0.26;0.04;0.30;0.26;0.30;Matches
225;Stanis Idumbo;be BEL;MF;Sevilla;20-195;2005;1;1;45;0.5;0;0;0;0;0;0;0;0;0.0;0.0;0.1;0.1;4;1;2;0.00;0.00;0.00;0.00;0.00;0.07;0.16;0.23;0.07;0.23;Matches
226;Iglesias;es ESP;DF;Getafe;27-191;1998;18;17;1,504;16.7;1;0;1;1;0;0;2;0;0.6;0.6;0.5;1.2;13;47;24;0.06;0.00;0.06;0.06;0.06;0.04;0.03;0.07;0.04;0.07;Matches
227;Borja Iglesias;es ESP;FW;Celta Vigo;32-358;1993;17;11;989;11.0;7;2;9;5;2;2;3;0;5.6;4.0;1.3;5.3;8;23;48;0.64;0.18;0.82;0.46;0.64;0.51;0.12;0.63;0.37;0.49;Matches
228;Luka Ilić;rs SRB;MF,FW;Oviedo;26-192;1999;13;6;543;6.0;1;0;1;1;0;0;4;1;0.4;0.4;0.1;0.5;3;15;16;0.17;0.00;0.17;0.17;0.17;0.06;0.02;0.08;0.06;0.08;Matches
229;Isco;es ESP;MF;Betis;33-264;1992;1;0;31;0.3;0;1;1;0;0;0;0;0;0.1;0.1;0.2;0.2;2;4;1;0.00;2.90;2.90;0.00;2.90;0.24;0.45;0.69;0.24;0.69;Matches
230;Urko Izeta;es ESP;MF,FW;Athletic Club;26-103;1999;6;0;58;0.6;0;0;0;0;0;0;1;0;0.1;0.1;0.0;0.2;4;1;5;0.00;0.00;0.00;0.00;0.00;0.23;0.02;0.25;0.23;0.25;Matches
231;Jairo Izquierdo;es ESP;MF,DF;Elche;32-080;1993;1;0;24;0.3;0;0;0;0;0;0;0;0;0.0;0.0;0.0;0.0;1;0;3;0.00;0.00;0.00;0.00;0.00;0.00;0.00;0.00;0.00;0.00;Matches
232;Adnan Januzaj;be BEL;FW,MF;Sevilla;30-339;1995;9;2;235;2.6;0;0;0;0;0;0;1;0;0.1;0.1;0.4;0.5;16;21;25;0.00;0.00;0.00;0.00;0.00;0.04;0.16;0.20;0.04;0.20;Matches
233;Mikel Jauregizar;es ESP;MF;Athletic Club;22-058;2003;19;19;1,645;18.3;1;0;1;1;0;0;2;0;1.1;1.1;0.9;2.0;10;119;32;0.05;0.00;0.05;0.05;0.05;0.06;0.05;0.11;0.06;0.11;Matches
234;David Jiménez;es ESP;DF;Real Madrid;21-302;2004;1;0;1;0.0;0;0;0;0;0;0;0;0;0.0;0.0;0.0;0.0;0;0;0;0.00;0.00;0.00;0.00;0.00;0.00;0.00;0.00;0.00;0.00;Matches
235;Jofre;es ESP;FW,MF;Espanyol;24-207;2001;11;4;383;4.3;0;0;0;0;0;0;0;0;0.2;0.2;0.2;0.4;21;7;25;0.00;0.00;0.00;0.00;0.00;0.04;0.05;0.10;0.04;0.10;Matches
236;Frenkie de Jong;nl NED;MF;Barcelona;28-243;1997;14;11;1,045;11.6;0;3;3;0;0;0;3;1;0.5;0.5;2.0;2.6;35;115;21;0.00;0.26;0.26;0.00;0.26;0.05;0.17;0.22;0.05;0.22;Matches
237;Joan Jordán;es ESP;MF;Sevilla;31-188;1994;2;0;15;0.2;0;0;0;0;0;0;0;0;0.0;0.0;0.0;0.0;1;3;1;0.00;0.00;0.00;0.00;0.00;0.00;0.00;0.00;0.00;0.00;Matches
238;Josan;es ESP;DF,MF;Elche;36-038;1989;10;3;319;3.5;0;2;2;0;0;0;2;0;0.3;0.3;2.3;2.6;15;13;50;0.00;0.56;0.56;0.00;0.56;0.08;0.66;0.74;0.08;0.74;Matches
239;Mateo Joseph;es ESP;FW,MF;Mallorca;22-083;2003;17;12;1,082;12.0;2;1;3;2;0;0;2;0;3.5;3.5;0.7;4.2;16;11;57;0.17;0.08;0.25;0.17;0.25;0.29;0.06;0.35;0.29;0.35;Matches
240;Juanmi;es ESP;FW,DF;Getafe;32-235;1993;7;0;160;1.8;1;0;1;1;0;0;0;0;0.1;0.1;0.1;0.2;1;1;8;0.56;0.00;0.56;0.56;0.56;0.08;0.05;0.14;0.08;0.14;Matches
241;Luiz Lúcio Reis Júnior;br BRA;GK;Villarreal;24-361;2001;14;14;1,26;14.0;0;0;0;0;0;0;3;0;0.0;0.0;0.0;0.0;0;1;0;0.00;0.00;0.00;0.00;0.00;0.00;0.00;0.00;0.00;0.00;Matches
242;Vinicius Júnior;br BRA;FW,MF;Real Madrid;25-182;2000;19;16;1,401;15.6;5;5;10;4;1;2;4;0;6.4;4.9;3.4;8.3;123;69;227;0.32;0.32;0.64;0.26;0.58;0.41;0.22;0.63;0.31;0.53;Matches
243;Ferran Jutglà;es ESP;FW,MF;Celta Vigo;26-343;1999;14;10;727;8.1;2;1;3;2;0;0;3;0;2.3;2.3;0.7;3.0;16;10;66;0.25;0.12;0.37;0.25;0.37;0.28;0.09;0.37;0.28;0.37;Matches
244;Abu Kamara;eng ENG;MF,FW;Getafe;22-173;2003;9;1;196;2.2;0;0;0;0;0;0;1;0;0.4;0.4;0.1;0.5;9;4;16;0.00;0.00;0.00;0.00;0.00;0.18;0.03;0.21;0.18;0.21;Matches
245;Jon Karrikaburu;es ESP;FW,MF;Real Sociedad;23-113;2002;6;0;132;1.5;0;0;0;0;0;0;0;0;0.9;0.9;0.0;0.9;1;0;9;0.00;0.00;0.00;0.00;0.00;0.62;0.02;0.64;0.62;0.64;Matches
246;Kiké;es ESP;FW;Espanyol;36-046;1989;17;6;665;7.4;3;0;3;2;1;1;1;0;3.7;3.0;0.8;3.8;8;14;45;0.41;0.00;0.41;0.27;0.27;0.51;0.11;0.62;0.40;0.51;Matches
247;Koke;es ESP;MF;Atlético Madrid;34-002;1992;18;14;1,252;13.9;2;2;4;2;0;0;4;0;0.3;0.3;1.4;1.7;5;88;12;0.14;0.14;0.29;0.14;0.29;0.02;0.10;0.12;0.02;0.12;Matches
248;Luca Koleosho;it ITA;MF,FW;Espanyol;21-117;2004;3;0;63;0.7;0;0;0;0;0;0;0;0;0.0;0.0;0.0;0.1;3;2;7;0.00;0.00;0.00;0.00;0.00;0.06;0.04;0.10;0.06;0.10;Matches
249;Jules Koundé;fr FRA;DF;Barcelona;27-059;1998;18;14;1,331;14.8;1;1;2;1;0;0;3;0;0.7;0.7;1.1;1.8;23;70;65;0.07;0.07;0.14;0.07;0.14;0.04;0.07;0.12;0.04;0.12;Matches
250;Lancinet Kourouma;gn GUI;MF;Girona;21-286;2004;4;0;33;0.4;0;0;0;0;0;0;0;0;0.0;0.0;0.0;0.0;0;0;0;0.00;0.00;0.00;0.00;0.00;0.00;0.00;0.00;0.00;0.00;Matches
251;Goduine Koyalipou;cf CTA;FW;Levante;25-329;2000;11;2;247;2.7;1;0;1;1;0;0;1;0;1.0;1.0;0.3;1.2;2;3;13;0.36;0.00;0.36;0.36;0.36;0.36;0.10;0.45;0.36;0.45;Matches
252;Vladyslav Krapyvtsov;ua UKR;GK;Girona;20-199;2005;2;1;136;1.5;0;0;0;0;0;0;0;0;0.0;0.0;0.0;0.0;0;0;0;0.00;0.00;0.00;0.00;0.00;0.00;0.00;0.00;0.00;0.00;Matches
253;Ladislav Krejčí;cz CZE;DF;Girona;26-265;1999;2;2;180;2.0;0;0;0;0;0;0;1;0;0.1;0.1;0.0;0.1;0;6;0;0.00;0.00;0.00;0.00;0.00;0.06;0.00;0.06;0.06;0.06;Matches
254;Takefusa Kubo;jp JPN;MF,FW;Real Sociedad;24-220;2001;17;12;1,111;12.3;2;3;5;2;0;0;0;0;2.3;2.3;3.0;5.3;60;38;109;0.16;0.24;0.41;0.16;0.41;0.19;0.24;0.43;0.19;0.43;Matches
255;Marash Kumbulla;al ALB;DF;Mallorca;25-336;2000;5;3;240;2.7;0;0;0;0;0;0;0;0;0.0;0.0;0.0;0.0;3;7;1;0.00;0.00;0.00;0.00;0.00;0.01;0.01;0.01;0.01;0.01;Matches
256;Adrián de la Fuente;es ESP;DF;Levante;26-318;1999;14;11;1,042;11.6;1;0;1;0;1;1;3;0;1.2;0.4;0.1;0.4;5;23;8;0.09;0.00;0.09;0.00;0.00;0.10;0.01;0.11;0.03;0.04;Matches
257;Yoel Lago;es ESP;DF;Celta Vigo;21-291;2004;4;4;333;3.7;0;0;0;0;0;0;2;0;0.0;0.0;0.0;0.0;0;9;0;0.00;0.00;0.00;0.00;0.00;0.00;0.01;0.01;0.00;0.01;Matches
258;Aymeric Laporte;es ESP;DF;Athletic Club;31-228;1994;11;10;859;9.5;0;1;1;0;0;0;2;0;0.2;0.2;0.2;0.4;8;42;0;0.00;0.10;0.10;0.00;0.10;0.02;0.02;0.04;0.02;0.04;Matches
259;Toni Lato;es ESP;DF;Mallorca;28-050;1997;4;2;159;1.8;0;0;0;0;0;0;0;0;0.0;0.0;0.0;0.0;2;4;13;0.00;0.00;0.00;0.00;0.00;0.00;0.02;0.02;0.00;0.02;Matches
260;Robin Le Normand;es ESP;DF;Atlético Madrid;29-060;1996;13;10;990;11.0;1;0;1;1;0;0;2;0;0.4;0.4;0.0;0.4;3;36;0;0.09;0.00;0.09;0.09;0.09;0.04;0.00;0.04;0.04;0.04;Matches
261;Florian Lejeune;fr FRA;DF;Rayo Vallecano;34-235;1991;18;18;1,61;17.9;0;0;0;0;0;0;3;0;0.9;0.9;0.4;1.3;7;67;1;0.00;0.00;0.00;0.00;0.00;0.05;0.02;0.08;0.05;0.08;Matches
262;Youssef Lekhedim;es ESP;DF;Alavés;20-095;2005;13;8;759;8.4;0;0;0;0;0;0;2;0;0.3;0.3;0.3;0.6;12;23;46;0.00;0.00;0.00;0.00;0.00;0.04;0.04;0.08;0.04;0.08;Matches
263;Iñigo Lekue;es ESP;DF;Athletic Club;32-251;1993;6;5;354;3.9;0;0;0;0;0;0;1;1;0.1;0.1;0.0;0.1;9;10;16;0.00;0.00;0.00;0.00;0.00;0.03;0.00;0.03;0.03;0.03;Matches
264;Thomas Lemar;fr FRA;MF,FW;Girona;30-059;1995;9;2;339;3.8;0;1;1;0;0;0;1;0;0.4;0.4;0.6;1.0;8;27;27;0.00;0.27;0.27;0.00;0.27;0.11;0.15;0.26;0.11;0.26;Matches
265;Clément Lenglet;fr FRA;DF;Atlético Madrid;30-207;1995;9;9;730;8.1;0;0;0;0;0;0;3;1;0.1;0.1;0.2;0.2;7;42;0;0.00;0.00;0.00;0.00;0.00;0.01;0.02;0.03;0.01;0.03;Matches
266;Robert Lewandowski;pl POL;FW;Barcelona;37-142;1988;14;7;698;7.8;9;1;10;8;1;3;1;0;7.8;5.5;0.9;6.3;6;9;44;1.16;0.13;1.29;1.03;1.16;1.01;0.11;1.12;0.70;0.82;Matches
267;Adrián Liso;es ESP;FW,MF;Getafe;20-283;2005;16;16;1,231;13.7;3;0;3;3;0;0;1;0;1.4;1.4;0.2;1.6;12;15;72;0.22;0.00;0.22;0.22;0.22;0.10;0.01;0.11;0.10;0.11;Matches
268;Javier Llabrés;es ESP;FW,MF;Mallorca;23-121;2002;8;1;128;1.4;0;0;0;0;0;0;0;0;0.1;0.1;0.1;0.2;1;3;20;0.00;0.00;0.00;0.00;0.00;0.06;0.06;0.12;0.06;0.12;Matches
269;Diego Llorente;es ESP;DF;Betis;32-147;1993;3;2;82;0.9;1;0;1;1;0;0;0;0;0.7;0.7;0.0;0.7;0;1;0;1.10;0.00;1.10;1.10;1.10;0.73;0.00;0.73;0.73;0.73;Matches
270;Marcos Llorente;es ESP;DF;Atlético Madrid;30-345;1995;15;15;1,26;14.0;0;3;3;0;0;0;3;0;1.3;1.3;1.6;2.8;43;66;79;0.00;0.21;0.21;0.00;0.21;0.09;0.11;0.20;0.09;0.20;Matches
271;Giovani Lo Celso;ar ARG;MF;Betis;29-276;1996;15;9;926;10.3;1;2;3;1;0;0;3;0;1.7;1.7;1.8;3.5;15;77;34;0.10;0.19;0.29;0.10;0.29;0.17;0.18;0.34;0.17;0.34;Matches
272;David López;es ESP;DF;Mallorca;22-341;2003;1;1;61;0.7;0;0;0;0;0;0;0;0;0.0;0.0;0.0;0.0;0;1;0;0.00;0.00;0.00;0.00;0.00;0.00;0.00;0.00;0.00;0.00;Matches
273;David López;es ESP;DF;Girona;36-093;1989;3;2;202;2.2;0;0;0;0;0;0;0;0;0.6;0.6;0.0;0.6;4;13;0;0.00;0.00;0.00;0.00;0.00;0.25;0.00;0.25;0.25;0.25;Matches
274;Diego López;es ESP;MF,FW;Valencia;23-242;2002;18;14;1,141;12.7;3;0;3;3;0;0;2;0;2.1;2.1;0.9;3.0;28;31;66;0.24;0.00;0.24;0.24;0.24;0.16;0.07;0.23;0.16;0.23;Matches
275;Fermin López;es ESP;MF,FW;Barcelona;22-244;2003;13;7;694;7.7;4;4;8;4;0;0;1;0;2.4;2.4;3.2;5.7;21;34;55;0.52;0.52;1.04;0.52;1.04;0.32;0.42;0.74;0.32;0.74;Matches
276;Javi López;es ESP;DF;Oviedo;23-291;2002;7;5;386;4.3;0;0;0;0;0;0;0;0;0.0;0.0;0.3;0.3;6;9;25;0.00;0.00;0.00;0.00;0.00;0.00;0.06;0.06;0.00;0.06;Matches
277;Pau López;es ESP;GK;Betis;31-028;1994;7;7;630;7.0;0;0;0;0;0;0;1;0;0.0;0.0;0.0;0.0;0;0;0;0.00;0.00;0.00;0.00;0.00;0.00;0.00;0.00;0.00;0.00;Matches
278;Unai López;es ESP;MF;Rayo Vallecano;30-072;1995;16;14;1,027;11.4;0;3;3;0;0;0;7;1;0.5;0.5;1.0;1.5;10;78;14;0.00;0.26;0.26;0.00;0.26;0.05;0.09;0.13;0.05;0.13;Matches
279;Iker Losada;es ESP;FW,MF;Levante;24-162;2001;6;1;148;1.6;1;0;1;1;0;0;0;0;0.6;0.6;0.0;0.6;1;4;7;0.61;0.00;0.61;0.61;0.61;0.35;0.02;0.37;0.35;0.37;Matches
280;Pol Lozano;es ESP;MF;Espanyol;26-096;1999;18;16;1,254;13.9;1;0;1;1;0;0;5;0;0.2;0.2;0.6;0.8;7;62;4;0.07;0.00;0.07;0.07;0.07;0.01;0.04;0.06;0.01;0.06;Matches
281;Sergio Lozano;es ESP;MF;Levante;26-292;1999;1;0;12;0.1;0;0;0;0;0;0;0;0;0.0;0.0;0.0;0.0;0;2;1;0.00;0.00;0.00;0.00;0.00;0.00;0.00;0.00;0.00;0.00;Matches
282;Oier Luengo;es ESP;DF;Oviedo;28-060;1997;2;2;135;1.5;0;0;0;0;0;0;1;0;0.0;0.0;0.0;0.0;0;0;0;0.00;0.00;0.00;0.00;0.00;0.00;0.00;0.00;0.00;0.00;Matches
283;José Luis Gayà;es ESP;DF;Valencia;30-230;1995;15;14;1,096;12.2;0;1;1;0;0;0;4;1;0.2;0.2;1.3;1.5;25;41;77;0.00;0.08;0.08;0.00;0.08;0.02;0.11;0.13;0.02;0.13;Matches
284;José Luis Morales;es ESP;MF,FW;Levante;38-171;1987;16;1;296;3.3;1;1;2;0;1;1;1;0;1.7;1.0;0.7;1.7;7;20;20;0.30;0.30;0.61;0.00;0.30;0.52;0.21;0.73;0.32;0.53;Matches
285;Dodi Lukebakio;be BEL;FW,MF;Sevilla;28-108;1997;2;2;180;2.0;1;0;1;1;0;0;0;0;0.1;0.1;0.8;0.9;4;6;18;0.50;0.00;0.50;0.50;0.50;0.04;0.41;0.45;0.04;0.45;Matches
286;Carlos Macià;es ESP;MF;Villarreal;17-131;2008;3;0;71;0.8;0;0;0;0;0;0;1;0;0.1;0.1;0.0;0.1;2;2;0;0.00;0.00;0.00;0.00;0.00;0.08;0.00;0.08;0.08;0.08;Matches
287;Pablo Maffeo;es ESP;DF;Mallorca;28-182;1997;14;13;1,198;13.3;1;0;1;1;0;0;4;0;0.2;0.2;0.1;0.3;11;41;43;0.08;0.00;0.08;0.08;0.08;0.01;0.01;0.02;0.01;0.02;Matches
288;Aitor Mañas;es ESP;FW;Alavés;23-005;2003;2;0;15;0.2;0;0;0;0;0;0;0;0;0.0;0.0;0.0;0.0;0;0;4;0.00;0.00;0.00;0.00;0.00;0.00;0.00;0.00;0.00;0.00;Matches
289;Marcão;br BRA;DF;Sevilla;29-219;1996;13;11;938;10.4;0;0;0;0;0;0;5;1;0.7;0.7;0.0;0.7;11;29;0;0.00;0.00;0.00;0.00;0.00;0.06;0.00;0.06;0.06;0.06;Matches
290;José María Giménez;uy URU;DF;Atlético Madrid;30-355;1995;7;6;544;6.0;0;0;0;0;0;0;2;0;1.1;1.1;0.0;1.1;0;23;0;0.00;0.00;0.00;0.00;0.00;0.17;0.00;0.17;0.17;0.17;Matches
291;Mariano;do DOM;FW;Alavés;32-162;1993;9;3;281;3.1;0;0;0;0;0;0;1;0;0.2;0.2;0.7;0.8;2;6;11;0.00;0.00;0.00;0.00;0.00;0.05;0.21;0.27;0.05;0.27;Matches
292;Arkaitz Mariezkurrena;es ESP;FW;Real Sociedad;20-280;2005;1;0;1;0.0;0;0;0;0;0;0;0;0;0.0;0.0;0.0;0.0;0;0;0;0.00;0.00;0.00;0.00;0.00;0.00;0.00;0.00;0.00;0.00;Matches
293;Rafa Marín;es ESP;DF;Villarreal;23-236;2002;13;13;1,159;12.9;1;0;1;1;0;0;1;0;0.3;0.3;0.2;0.5;7;41;0;0.08;0.00;0.08;0.08;0.08;0.02;0.01;0.04;0.02;0.04;Matches
294;Pablo Marín;es ESP;MF;Real Sociedad;22-191;2003;17;7;693;7.7;0;0;0;0;0;0;1;0;0.6;0.6;0.2;0.8;15;17;24;0.00;0.00;0.00;0.00;0.00;0.08;0.02;0.10;0.08;0.10;Matches
295;Gerard Martín;es ESP;DF;Barcelona;24-009;2002;17;12;975;10.8;0;0;0;0;0;0;3;0;0.0;0.0;0.5;0.5;15;75;38;0.00;0.00;0.00;0.00;0.00;0.00;0.05;0.05;0.00;0.05;Matches
296;Iván Martín;es ESP;MF;Girona;26-330;1999;16;15;1,288;14.3;0;1;1;0;0;0;4;1;0.2;0.2;0.7;0.9;21;54;31;0.00;0.07;0.07;0.00;0.07;0.01;0.05;0.07;0.01;0.07;Matches
297;Jon Martin;es ESP;DF;Real Sociedad;19-262;2006;11;11;990;11.0;0;0;0;0;0;0;3;0;0.6;0.6;0.0;0.7;10;48;0;0.00;0.00;0.00;0.00;0.00;0.05;0.00;0.06;0.05;0.06;Matches
298;Mario Martín;es ESP;MF,FW;Getafe;21-311;2004;18;16;1,171;13.0;2;0;2;2;0;0;6;0;0.8;0.8;0.2;1.0;16;25;48;0.15;0.00;0.15;0.15;0.15;0.06;0.01;0.07;0.06;0.07;Matches
299;Arnau Martinez;es ESP;DF,MF;Girona;22-260;2003;16;14;1,102;12.2;1;1;2;1;0;0;4;0;0.5;0.5;0.4;0.9;19;48;35;0.08;0.08;0.16;0.08;0.16;0.04;0.03;0.07;0.04;0.07;Matches
300;Joaquín Martínez Gauna;es ESP;DF;Sevilla;22-185;2003;4;3;295;3.3;0;1;1;0;0;0;1;0;0.2;0.2;0.7;0.9;14;9;22;0.00;0.31;0.31;0.00;0.31;0.06;0.22;0.28;0.06;0.28;Matches
301;Pablo Martínez;es ESP;MF;Levante;27-322;1998;11;7;671;7.5;0;1;1;0;0;0;2;0;0.7;0.7;0.8;1.5;10;25;21;0.00;0.13;0.13;0.00;0.13;0.09;0.10;0.20;0.09;0.20;Matches
302;Ramón Martínez;es ESP;DF;Sevilla;23-080;2002;2;0;102;1.1;0;0;0;0;0;0;0;0;0.0;0.0;0.0;0.0;1;3;0;0.00;0.00;0.00;0.00;0.00;0.00;0.00;0.00;0.00;0.00;Matches
303;Toni Martínez;es ESP;FW;Alavés;28-194;1997;17;12;1,098;12.2;2;1;3;2;0;0;0;0;3.3;3.3;0.3;3.7;8;12;49;0.16;0.08;0.25;0.16;0.25;0.27;0.03;0.30;0.27;0.30;Matches
304;Omar Mascarell;gq EQG;MF;Mallorca;32-342;1993;11;7;683;7.6;1;1;2;1;0;0;2;0;0.1;0.1;0.2;0.2;6;29;2;0.13;0.13;0.26;0.13;0.26;0.01;0.02;0.03;0.01;0.03;Matches
305;Franco Mastantuono;ar ARG;FW,MF;Real Madrid;18-149;2007;11;7;562;6.2;1;0;1;1;0;0;3;0;2.0;2.0;0.9;3.0;9;21;73;0.16;0.00;0.16;0.16;0.16;0.33;0.15;0.47;0.33;0.47;Matches
306;Alan Matturro;uy URU;DF;Levante;21-091;2004;6;2;198;2.2;0;0;0;0;0;0;0;0;0.0;0.0;0.0;0.0;3;7;0;0.00;0.00;0.00;0.00;0.00;0.01;0.00;0.01;0.01;0.01;Matches
307;Borja Mayoral;es ESP;FW;Getafe;28-280;1997;14;12;1,041;11.6;4;1;5;4;0;1;0;0;2.9;2.1;0.2;2.3;3;27;36;0.35;0.09;0.43;0.35;0.43;0.25;0.02;0.27;0.18;0.20;Matches
308;Kylian Mbappé;fr FRA;FW;Real Madrid;27-021;1998;18;18;1,57;17.4;18;4;22;13;5;6;3;0;15.7;11.0;5.5;16.5;73;81;167;1.03;0.23;1.26;0.75;0.97;0.90;0.31;1.22;0.63;0.95;Matches
309;Brais Méndez;es ESP;MF,FW;Real Sociedad;29-003;1997;18;14;1,146;12.7;4;2;6;4;0;0;3;0;2.3;2.3;1.4;3.7;23;80;75;0.31;0.16;0.47;0.31;0.47;0.18;0.11;0.29;0.18;0.29;Matches
310;Rodrigo Mendoza;es ESP;MF,FW;Elche;20-301;2005;13;5;659;7.3;1;0;1;1;0;0;3;0;0.7;0.7;0.3;1.0;17;26;41;0.14;0.00;0.14;0.14;0.14;0.10;0.05;0.14;0.10;0.14;Matches
311;Batista Mendy;fr FRA;MF;Sevilla;25-363;2000;14;13;1,056;11.7;1;0;1;1;0;0;3;0;0.8;0.8;0.2;1.1;11;34;9;0.09;0.00;0.09;0.09;0.09;0.07;0.02;0.09;0.07;0.09;Matches
312;Ferland Mendy;fr FRA;DF;Real Madrid;30-216;1995;1;0;2;0.0;0;0;0;0;0;0;0;0;0.0;0.0;0.0;0.0;0;0;0;0.00;0.00;0.00;0.00;0.00;0.00;0.00;0.00;0.00;0.00;Matches
313;Nobel Mendy;fr FRA;DF;Rayo Vallecano;21-129;2004;10;9;789;8.8;1;0;1;1;0;0;3;0;1.1;1.1;0.0;1.1;1;16;2;0.11;0.00;0.11;0.11;0.11;0.12;0.00;0.12;0.12;0.12;Matches
314;Alejandro Mestanza;es ESP;FW,MF;Getafe;21-034;2004;2;1;65;0.7;0;0;0;0;0;0;0;0;0.0;0.0;0.0;0.0;0;0;4;0.00;0.00;0.00;0.00;0.00;0.03;0.00;0.03;0.03;0.03;Matches
315;Georges Mikautadze;ge GEO;FW;Villarreal;25-071;2000;12;7;661;7.3;4;3;7;4;0;0;0;0;2.9;2.9;1.7;4.6;14;13;45;0.54;0.41;0.95;0.54;0.95;0.40;0.23;0.62;0.40;0.62;Matches
316;Éder Militão;br BRA;DF;Real Madrid;27-357;1998;13;12;1;11.1;1;1;2;1;0;0;2;0;1.4;1.3;1.3;2.6;5;36;3;0.09;0.09;0.18;0.09;0.18;0.12;0.12;0.24;0.12;0.23;Matches
317;Luis Milla;es ESP;MF;Getafe;31-095;1994;18;18;1,574;17.5;0;7;7;0;0;0;3;1;0.4;0.4;2.7;3.1;15;79;25;0.00;0.40;0.40;0.00;0.40;0.02;0.15;0.18;0.02;0.18;Matches
318;Pere Milla;es ESP;FW,MF;Espanyol;33-109;1992;16;15;1,141;12.7;6;0;6;6;0;0;4;1;5.5;5.5;2.0;7.5;20;35;53;0.47;0.00;0.47;0.47;0.47;0.43;0.16;0.59;0.43;0.59;Matches
319;Óscar Mingueza;es ESP;MF,DF;Celta Vigo;26-242;1999;15;11;945;10.5;1;2;3;1;0;0;1;0;0.5;0.5;2.1;2.6;13;51;50;0.10;0.19;0.29;0.10;0.29;0.05;0.20;0.25;0.05;0.25;Matches
320;Bojan Miovski;mk MKD;FW;Girona;26-200;1999;1;1;44;0.5;0;0;0;0;0;0;0;0;0.0;0.0;0.0;0.0;0;0;0;0.00;0.00;0.00;0.00;0.00;0.00;0.00;0.00;0.00;0.00;Matches
321;Rafa Mir;es ESP;FW,MF;Elche;28-206;1997;18;15;1,308;14.5;6;0;6;6;0;1;1;0;5.7;4.9;0.5;5.4;16;45;76;0.41;0.00;0.41;0.41;0.41;0.39;0.04;0.43;0.34;0.37;Matches
322;Johan Mojica;co COL;DF;Mallorca;33-142;1992;18;15;1,4;15.6;0;3;3;0;0;0;2;0;0.3;0.3;2.0;2.3;30;63;56;0.00;0.19;0.19;0.00;0.19;0.02;0.13;0.15;0.02;0.15;Matches
323;Alberto Moleiro;es ESP;MF,FW;Villarreal;22-102;2003;17;14;1,085;12.1;7;2;9;7;0;0;2;0;3.9;3.9;2.7;6.6;41;39;64;0.58;0.17;0.75;0.58;0.75;0.33;0.22;0.55;0.33;0.55;Matches
324;Nahuel Molina;ar ARG;DF;Atlético Madrid;27-279;1998;13;6;541;6.0;0;1;1;0;0;0;1;0;0.0;0.0;1.2;1.2;11;22;24;0.00;0.17;0.17;0.00;0.17;0.01;0.19;0.20;0.01;0.20;Matches
325;Jon Moncayola;es ESP;MF,DF;Osasuna;27-242;1998;18;18;1,571;17.5;0;2;2;0;0;0;4;0;0.8;0.8;2.3;3.0;19;92;44;0.00;0.11;0.11;0.00;0.11;0.04;0.13;0.17;0.04;0.17;Matches
326;Jorge Montes;es ESP;MF;Getafe;21-310;2004;1;0;27;0.3;0;0;0;0;0;0;0;0;0.0;0.0;0.0;0.0;0;0;0;0.00;0.00;0.00;0.00;0.00;0.00;0.00;0.00;0.00;0.00;Matches
327;Diego Morcillo;es ESP;FW,MF;Alavés;22-206;2003;1;0;10;0.1;0;0;0;0;0;0;0;0;0.4;0.4;0.0;0.4;0;1;2;0.00;0.00;0.00;0.00;0.00;4.02;0.00;4.02;4.02;4.02;Matches
328;Álex Moreno;es ESP;DF;Girona;32-216;1993;17;16;1,485;16.5;0;1;1;0;0;0;2;0;1.4;1.4;1.0;2.4;54;62;73;0.00;0.06;0.06;0.00;0.06;0.08;0.06;0.14;0.08;0.14;Matches
329;Gerard Moreno;es ESP;FW;Villarreal;33-278;1992;8;7;461;5.1;4;0;4;3;1;1;0;0;2.0;1.2;1.5;2.7;13;32;26;0.78;0.00;0.78;0.59;0.59;0.39;0.30;0.69;0.23;0.54;Matches
330;Matias Moreno;ar ARG;DF;Levante;22-108;2003;12;11;945;10.5;0;0;0;0;0;0;3;0;0.4;0.4;0.1;0.5;12;24;1;0.00;0.00;0.00;0.00;0.00;0.04;0.01;0.05;0.04;0.05;Matches
331;Mateu Morey;es ESP;DF;Mallorca;25-314;2000;11;6;446;5.0;1;0;1;1;0;0;2;0;0.3;0.3;0.2;0.5;4;17;17;0.20;0.00;0.20;0.20;0.20;0.06;0.04;0.10;0.06;0.10;Matches
332;Ilaix Moriba;gn GUI;MF;Celta Vigo;22-356;2003;18;12;1,15;12.8;0;1;1;0;0;0;2;0;0.6;0.6;1.3;1.9;12;53;40;0.00;0.08;0.08;0.00;0.08;0.05;0.10;0.15;0.05;0.15;Matches
333;Manu Morlanes;es ESP;MF;Mallorca;26-363;1999;15;12;882;9.8;1;0;1;1;0;0;3;1;0.6;0.6;0.4;1.0;11;51;14;0.10;0.00;0.10;0.10;0.10;0.06;0.04;0.10;0.06;0.10;Matches
334;Santiago Mouriño;uy URU;DF;Villarreal;23-331;2002;11;11;965;10.7;0;1;1;0;0;0;6;1;0.3;0.3;0.1;0.3;13;33;3;0.00;0.09;0.09;0.00;0.09;0.03;0.01;0.03;0.03;0.03;Matches
335;Aihen Muñoz;es ESP;DF;Real Sociedad;28-147;1997;12;5;478;5.3;0;0;0;0;0;0;1;0;0.2;0.2;0.2;0.3;6;19;19;0.00;0.00;0.00;0.00;0.00;0.03;0.03;0.06;0.03;0.06;Matches
336;Iker Muñoz;es ESP;MF;Osasuna;23-066;2002;6;1;279;3.1;0;0;0;0;0;0;2;0;0.0;0.0;0.0;0.0;2;11;5;0.00;0.00;0.00;0.00;0.00;0.01;0.00;0.01;0.01;0.01;Matches
337;Javier Muñoz;es ESP;MF,FW;Getafe;30-316;1995;10;3;370;4.1;0;0;0;0;0;0;0;0;0.2;0.2;0.1;0.3;4;11;20;0.00;0.00;0.00;0.00;0.00;0.05;0.03;0.08;0.05;0.08;Matches
338;Víctor Muñoz;es ESP;FW,MF;Osasuna;22-181;2003;18;16;1,307;14.5;2;1;3;2;0;0;2;0;1.8;1.8;1.0;2.8;56;8;93;0.14;0.07;0.21;0.14;0.21;0.12;0.07;0.20;0.12;0.20;Matches
339;Vedat Muriqi;xk KVX;FW;Mallorca;31-261;1994;17;16;1,357;15.1;10;0;10;7;3;3;1;1;6.8;4.5;0.3;4.8;13;16;59;0.66;0.00;0.66;0.46;0.46;0.45;0.02;0.47;0.30;0.32;Matches
340;Juan Musso;ar ARG;GK;Atlético Madrid;31-249;1994;1;1;90;1.0;0;0;0;0;0;0;1;0;0.0;0.0;0.0;0.0;0;0;0;0.00;0.00;0.00;0.00;0.00;0.00;0.00;0.00;0.00;0.00;Matches
341;Natan;br BRA;DF;Betis;24-338;2001;18;18;1,565;17.4;0;0;0;0;0;0;4;0;0.3;0.3;0.3;0.6;6;32;1;0.00;0.00;0.00;0.00;0.00;0.02;0.01;0.03;0.02;0.03;Matches
342;Pau Navarro;es ESP;DF;Villarreal;20-260;2005;7;7;597;6.6;0;0;0;0;0;0;2;0;0.0;0.0;0.3;0.3;3;17;1;0.00;0.00;0.00;0.00;0.00;0.00;0.05;0.05;0.00;0.05;Matches
343;Roberto Navarro;es ESP;FW,MF;Athletic Club;23-273;2002;15;5;571;6.3;3;1;4;3;0;0;1;0;2.3;2.3;0.9;3.2;23;17;43;0.47;0.16;0.63;0.47;0.63;0.36;0.14;0.50;0.36;0.50;Matches
344;Martim Neto;pt POR;MF;Elche;22-361;2003;14;8;776;8.6;2;3;5;2;0;0;1;0;0.9;0.9;1.6;2.5;23;48;27;0.23;0.35;0.58;0.23;0.58;0.10;0.19;0.29;0.10;0.29;Matches
345;Yvan Neyou;cm CMR;MF;Getafe;29-007;1997;5;0;67;0.7;0;0;0;0;0;0;2;0;0.0;0.0;0.0;0.0;0;3;2;0.00;0.00;0.00;0.00;0.00;0.00;0.00;0.00;0.00;0.00;Matches
346;Tanguy Nianzou;fr FRA;DF;Sevilla;23-217;2002;5;3;306;3.4;0;0;0;0;0;0;4;0;0.1;0.1;0.0;0.1;0;9;0;0.00;0.00;0.00;0.00;0.00;0.03;0.00;0.03;0.03;0.03;Matches
347;Randy Nteka;ao ANG;FW;Rayo Vallecano;28-035;1997;4;0;41;0.5;0;0;0;0;0;0;0;0;0.1;0.1;0.0;0.1;0;2;3;0.00;0.00;0.00;0.00;0.00;0.12;0.05;0.17;0.12;0.17;Matches
348;Álvaro Núñez;es ESP;DF;Elche;25-187;2000;18;18;1,574;17.5;0;2;2;0;0;0;1;0;0.2;0.2;2.0;2.3;11;94;63;0.00;0.11;0.11;0.00;0.11;0.01;0.12;0.13;0.01;0.13;Matches
349;Ørjan Nyland;no NOR;GK;Sevilla;35-122;1990;4;4;360;4.0;0;0;0;0;0;0;1;0;0.0;0.0;0.0;0.0;0;0;0;0.00;0.00;0.00;0.00;0.00;0.00;0.00;0.00;0.00;0.00;Matches
350;Allan Nyom;cm CMR;DF;Getafe;37-245;1988;7;4;272;3.0;0;0;0;0;0;0;4;1;0.2;0.2;0.1;0.3;4;10;2;0.00;0.00;0.00;0.00;0.00;0.07;0.02;0.09;0.07;0.09;Matches
351;Jan Oblak;si SVN;GK;Atlético Madrid;33-003;1993;18;18;1,62;18.0;0;0;0;0;0;0;0;0;0.0;0.0;0.0;0.0;0;0;0;0.00;0.00;0.00;0.00;0.00;0.00;0.00;0.00;0.00;0.00;Matches
352;Álvaro Odriozola;es ESP;DF;Real Sociedad;30-027;1995;1;1;56;0.6;1;0;1;1;0;0;0;0;0.6;0.6;0.0;0.6;2;0;1;1.61;0.00;1.61;1.61;1.61;0.92;0.00;0.92;0.92;0.92;Matches
353;Olasagasti;es ESP;MF;Levante;25-147;2000;13;4;461;5.1;0;1;1;0;0;0;1;0;0.2;0.2;0.5;0.7;7;21;14;0.00;0.20;0.20;0.00;0.20;0.04;0.09;0.13;0.04;0.13;Matches
354;Dani Olmo;es ESP;MF;Barcelona;27-248;1998;14;8;861;9.6;5;2;7;5;0;0;0;0;3.4;3.4;2.3;5.8;19;55;61;0.52;0.21;0.73;0.52;0.73;0.36;0.24;0.60;0.36;0.60;Matches
355;Tani Oluwaseyi;ca CAN;FW;Villarreal;25-240;2000;14;4;482;5.4;2;1;3;2;0;0;0;0;3.2;3.2;1.3;4.6;12;5;18;0.37;0.19;0.56;0.37;0.56;0.61;0.25;0.85;0.61;0.85;Matches
356;Aimar Oroz;es ESP;MF,FW;Osasuna;24-044;2001;12;10;857;9.5;0;2;2;0;0;0;3;0;0.8;0.8;1.7;2.5;30;41;40;0.00;0.21;0.21;0.00;0.21;0.08;0.18;0.26;0.08;0.26;Matches
357;Ángel Ortíz;es ESP;DF;Betis;21-169;2004;5;3;250;2.8;0;0;0;0;0;0;1;0;0.0;0.0;0.5;0.5;2;5;4;0.00;0.00;0.00;0.00;0.00;0.00;0.19;0.19;0.00;0.19;Matches
358;Asier Osambela;es ESP;DF,MF;Osasuna;21-336;2004;6;2;213;2.4;0;0;0;0;0;0;0;0;0.1;0.1;0.1;0.2;3;10;2;0.00;0.00;0.00;0.00;0.00;0.03;0.06;0.08;0.03;0.08;Matches
359;Azzedine Ounahi;ma MAR;MF,FW;Girona;25-266;2000;10;9;780;8.7;3;1;4;3;0;0;5;0;0.9;0.9;1.4;2.3;31;66;50;0.35;0.12;0.46;0.35;0.46;0.11;0.16;0.27;0.11;0.27;Matches
360;Mikel Oyarzabal;es ESP;FW;Real Sociedad;28-264;1997;16;16;1,407;15.6;5;3;8;2;3;3;2;0;7.2;4.8;3.7;8.5;32;47;91;0.32;0.19;0.51;0.13;0.32;0.46;0.24;0.69;0.31;0.54;Matches
361;Jon Pacheco;es ESP;DF;Alavés;25-002;2001;12;11;961;10.7;0;0;0;0;0;0;2;0;0.1;0.1;0.6;0.7;8;35;2;0.00;0.00;0.00;0.00;0.00;0.01;0.06;0.07;0.01;0.07;Matches
362;Isaac Palazón Camacho;es ESP;MF,FW;Rayo Vallecano;31-014;1994;17;15;1,258;14.0;1;2;3;0;1;2;5;0;3.1;1.5;2.1;3.6;20;76;67;0.07;0.14;0.21;0.00;0.14;0.22;0.15;0.37;0.11;0.26;Matches
363;Diego Pampín;es ESP;DF;Levante;25-301;2000;4;2;188;2.1;0;0;0;0;0;0;2;0;0.0;0.0;0.0;0.0;2;4;7;0.00;0.00;0.00;0.00;0.00;0.00;0.02;0.02;0.00;0.02;Matches
364;Victor Parada;es ESP;DF;Alavés;23-281;2002;14;9;845;9.4;0;1;1;0;0;0;5;0;0.5;0.5;1.1;1.7;10;18;28;0.00;0.11;0.11;0.00;0.11;0.06;0.12;0.18;0.06;0.18;Matches
365;Aitor Paredes;es ESP;DF;Athletic Club;25-256;2000;12;11;1;11.1;1;0;1;1;0;0;2;0;0.8;0.8;0.0;0.9;9;61;2;0.09;0.00;0.09;0.09;0.09;0.08;0.00;0.08;0.08;0.08;Matches
366;Daniel Parejo;es ESP;MF;Villarreal;36-269;1989;14;6;580;6.4;0;0;0;0;0;0;2;0;0.2;0.2;0.9;1.0;6;29;4;0.00;0.00;0.00;0.00;0.00;0.03;0.13;0.16;0.03;0.16;Matches
367;Thomas Partey;gh GHA;MF;Villarreal;32-211;1993;12;7;630;7.0;0;0;0;0;0;0;0;0;0.4;0.4;0.2;0.6;15;28;13;0.00;0.00;0.00;0.00;0.00;0.05;0.03;0.08;0.05;0.08;Matches
368;Alfonso Pedraza;es ESP;DF,MF;Villarreal;29-276;1996;12;7;709;7.9;1;2;3;1;0;0;3;0;0.5;0.5;2.1;2.6;30;14;64;0.13;0.25;0.38;0.13;0.38;0.06;0.27;0.33;0.06;0.33;Matches
369;Pedri;es ESP;MF;Barcelona;23-046;2002;15;13;1,124;12.5;2;5;7;2;0;0;2;1;1.2;1.2;3.2;4.4;54;140;56;0.16;0.40;0.56;0.16;0.56;0.10;0.26;0.35;0.10;0.35;Matches
370;Adrià Pedrosa;es ESP;DF;Elche;27-242;1998;10;4;488;5.4;1;0;1;1;0;0;3;0;0.4;0.4;1.0;1.4;9;15;37;0.18;0.00;0.18;0.18;0.18;0.06;0.19;0.26;0.06;0.26;Matches
371;Adrià Pedrosa;es ESP;DF;Sevilla;27-242;1998;1;0;6;0.1;0;0;0;0;0;0;0;0;0.0;0.0;0.0;0.0;1;1;1;0.00;0.00;0.00;0.00;0.00;0.00;0.36;0.36;0.00;0.36;Matches
372;Iñaki Peña;es ESP;GK;Elche;26-314;1999;12;12;1,08;12.0;0;0;0;0;0;0;0;0;0.0;0.0;0.1;0.1;0;2;0;0.00;0.00;0.00;0.00;0.00;0.00;0.01;0.01;0.00;0.01;Matches
373;Nicolas Pépé;ci CIV;FW,MF;Villarreal;30-226;1995;16;11;1,002;11.1;2;2;4;2;0;0;2;0;4.9;4.9;2.4;7.3;57;57;97;0.18;0.18;0.36;0.18;0.36;0.44;0.22;0.66;0.44;0.66;Matches
374;Peque;es ESP;MF;Sevilla;23-098;2002;14;6;574;6.4;1;0;1;1;0;0;5;0;0.7;0.7;0.5;1.2;27;25;31;0.16;0.00;0.16;0.16;0.16;0.12;0.07;0.19;0.12;0.19;Matches
375;Ayoze Pérez;es ESP;FW;Villarreal;32-165;1993;10;5;467;5.2;2;3;5;2;0;0;2;0;2.3;2.3;1.0;3.3;15;20;23;0.39;0.58;0.96;0.39;0.96;0.44;0.19;0.63;0.44;0.63;Matches
376;Francisco Perez;es ESP;FW,MF;Rayo Vallecano;23-123;2002;15;5;678;7.5;1;0;1;1;0;0;2;0;1.1;1.1;1.3;2.4;18;12;39;0.13;0.00;0.13;0.13;0.13;0.15;0.17;0.32;0.15;0.32;Matches
377;Joselu Pérez;es ESP;FW;Getafe;21-304;2004;2;0;22;0.2;0;0;0;0;0;0;0;0;0.0;0.0;0.0;0.0;0;0;1;0.00;0.00;0.00;0.00;0.00;0.15;0.00;0.15;0.15;0.15;Matches
378;Léo Pétrot;fr FRA;DF;Elche;28-270;1997;15;5;486;5.4;0;0;0;0;0;0;0;0;0.1;0.1;0.2;0.3;6;11;18;0.00;0.00;0.00;0.00;0.00;0.02;0.03;0.05;0.02;0.05;Matches
379;Charles Pickel;cd COD;MF,FW;Espanyol;28-240;1997;10;2;344;3.8;0;0;0;0;0;0;1;0;0.2;0.2;0.0;0.3;0;13;6;0.00;0.00;0.00;0.00;0.00;0.07;0.01;0.07;0.07;0.07;Matches
380;Lander Pinillos;es ESP;MF;Alavés;22-096;2003;1;0;2;0.0;0;0;0;0;0;0;0;0;0.0;0.0;0.0;0.0;0;0;1;0.00;0.00;0.00;0.00;0.00;0.00;0.00;0.00;0.00;0.00;Matches
381;Yeremi Pino;es ESP;MF,FW;Villarreal;23-082;2002;2;2;159;1.8;0;1;1;0;0;0;0;0;0.2;0.2;0.9;1.0;6;18;18;0.00;0.57;0.57;0.00;0.57;0.09;0.48;0.57;0.09;0.57;Matches
382;Portu;es ESP;FW,MF;Girona;33-234;1992;10;4;474;5.3;0;0;0;0;0;0;2;0;1.3;1.3;0.3;1.6;3;6;32;0.00;0.00;0.00;0.00;0.00;0.24;0.05;0.30;0.24;0.30;Matches
383;Beñat Prados;es ESP;MF;Athletic Club;24-336;2001;2;1;85;0.9;0;0;0;0;0;0;1;0;0.0;0.0;0.1;0.1;0;4;1;0.00;0.00;0.00;0.00;0.00;0.03;0.08;0.11;0.03;0.11;Matches
384;Abdón Prats;es ESP;FW;Mallorca;33-034;1992;7;0;75;0.8;0;0;0;0;0;0;0;0;0.7;0.7;0.1;0.8;1;1;5;0.00;0.00;0.00;0.00;0.00;0.84;0.15;0.99;0.84;0.99;Matches
385;Javi Puado;es ESP;FW,MF;Espanyol;27-230;1998;9;8;670;7.4;2;0;2;1;1;2;2;0;3.5;1.9;0.8;2.7;25;29;42;0.27;0.00;0.27;0.13;0.13;0.47;0.11;0.58;0.25;0.37;Matches
386;Marc Pubill;es ESP;DF;Atlético Madrid;22-204;2003;7;5;473;5.3;0;1;1;0;0;0;1;0;0.0;0.0;0.2;0.2;3;9;2;0.00;0.19;0.19;0.00;0.19;0.00;0.03;0.04;0.00;0.04;Matches
387;Dani Raba;es ESP;FW,MF;Valencia;30-073;1995;11;3;252;2.8;0;1;1;0;0;0;0;0;0.2;0.2;0.4;0.6;4;22;16;0.00;0.36;0.36;0.00;0.36;0.07;0.14;0.22;0.07;0.22;Matches
388;Ionuț Radu;ro ROU;GK;Celta Vigo;28-227;1997;18;18;1,62;18.0;0;0;0;0;0;0;0;0;0.0;0.0;0.0;0.0;0;0;0;0.00;0.00;0.00;0.00;0.00;0.00;0.00;0.00;0.00;0.00;Matches
389;Antonio Raillo;es ESP;DF;Mallorca;34-094;1991;18;18;1,62;18.0;0;1;1;0;0;0;2;0;0.4;0.4;0.4;0.8;15;47;3;0.00;0.06;0.06;0.00;0.06;0.02;0.02;0.04;0.02;0.04;Matches
390;Largie Ramazani;be BEL;FW,MF;Valencia;24-317;2001;9;0;175;1.9;0;1;1;0;0;0;1;0;0.5;0.5;0.6;1.1;9;7;26;0.00;0.51;0.51;0.00;0.51;0.26;0.28;0.54;0.26;0.54;Matches
391;Raphinha;br BRA;FW,MF;Barcelona;29-027;1996;12;10;763;8.5;7;3;10;6;1;1;2;0;5.5;4.7;2.6;7.3;34;31;93;0.83;0.35;1.18;0.71;1.06;0.65;0.30;0.96;0.56;0.86;Matches
392;Marcus Rashford;eng ENG;FW;Barcelona;28-071;1997;18;12;1,11;12.3;2;6;8;2;0;0;2;0;4.0;4.0;3.2;7.2;52;38;161;0.16;0.49;0.65;0.16;0.65;0.32;0.26;0.59;0.32;0.59;Matches
393;Giacomo Raspadori;it ITA;FW,MF;Atlético Madrid;25-326;2000;12;1;236;2.6;0;1;1;0;0;0;1;0;0.7;0.7;0.7;1.4;4;6;22;0.00;0.38;0.38;0.00;0.38;0.26;0.27;0.53;0.26;0.53;Matches
394;Andrei Ratiu;ro ROU;DF;Rayo Vallecano;27-204;1998;17;17;1,53;17.0;0;1;1;0;0;0;5;0;1.3;1.3;2.9;4.3;62;67;108;0.00;0.06;0.06;0.00;0.06;0.08;0.17;0.25;0.08;0.25;Matches
395;Raúl;es ESP;FW;Osasuna;25-068;2000;17;5;605;6.7;3;0;3;3;0;0;1;0;3.0;3.0;0.3;3.3;11;10;33;0.45;0.00;0.45;0.45;0.45;0.45;0.05;0.49;0.45;0.49;Matches
396;Abde Rebbach;dz ALG;MF;Alavés;27-152;1998;15;8;753;8.4;0;0;0;0;0;0;4;0;1.1;1.1;1.3;2.4;35;27;63;0.00;0.00;0.00;0.00;0.00;0.13;0.16;0.29;0.13;0.29;Matches
397;Federico Redondo;ar ARG;MF;Elche;22-357;2003;4;0;20;0.2;0;0;0;0;0;0;0;1;0.0;0.0;0.0;0.0;0;0;0;0.00;0.00;0.00;0.00;0.00;0.00;0.00;0.00;0.00;0.00;Matches
398;Alejandro Rego;es ESP;MF;Athletic Club;22-213;2003;13;2;435;4.8;1;0;1;1;0;0;2;0;0.3;0.3;0.2;0.5;4;22;7;0.21;0.00;0.21;0.21;0.21;0.05;0.05;0.10;0.05;0.10;Matches
399;Alberto Reina;es ESP;MF;Oviedo;28-123;1997;17;11;857;9.5;1;0;1;1;0;0;4;1;0.7;0.7;0.6;1.2;11;53;22;0.11;0.00;0.11;0.11;0.11;0.07;0.06;0.13;0.07;0.13;Matches
400;Vitor Reis;br BRA;DF;Girona;19-363;2006;17;16;1,428;15.9;0;1;1;0;0;0;4;1;0.3;0.3;0.9;1.2;6;59;0;0.00;0.06;0.06;0.00;0.06;0.02;0.06;0.08;0.02;0.08;Matches
401;Álex Remiro;es ESP;GK;Real Sociedad;30-292;1995;19;19;1,71;19.0;0;0;0;0;0;0;0;0;0.0;0.0;0.1;0.1;0;2;0;0.00;0.00;0.00;0.00;0.00;0.00;0.01;0.01;0.00;0.01;Matches
402;Oriol Rey;es ESP;MF;Levante;27-319;1998;12;8;748;8.3;0;0;0;0;0;0;2;0;0.3;0.3;0.1;0.4;5;19;10;0.00;0.00;0.00;0.00;0.00;0.04;0.01;0.05;0.04;0.05;Matches
403;Diego Rico;es ESP;DF;Getafe;32-321;1993;18;15;1,441;16.0;0;0;0;0;0;0;2;0;0.2;0.2;0.7;0.9;12;68;36;0.00;0.00;0.00;0.00;0.00;0.01;0.05;0.06;0.01;0.06;Matches
404;Clemens Riedel;de GER;DF;Espanyol;22-175;2003;8;6;518;5.8;0;1;1;0;0;0;2;0;0.1;0.1;0.0;0.2;1;15;2;0.00;0.17;0.17;0.00;0.17;0.02;0.01;0.03;0.02;0.03;Matches
405;Hugo Rincón;es ESP;DF,MF;Girona;22-348;2003;15;6;769;8.5;0;0;0;0;0;0;2;0;0.6;0.6;0.7;1.3;19;24;51;0.00;0.00;0.00;0.00;0.00;0.07;0.08;0.15;0.07;0.15;Matches
406;Luis Rioja;es ESP;MF,FW;Valencia;32-086;1993;17;13;1,114;12.4;1;3;4;1;0;0;1;0;1.2;1.2;1.8;3.0;38;40;108;0.08;0.24;0.32;0.08;0.32;0.09;0.15;0.24;0.09;0.24;Matches
407;Rodrigo Riquelme;es ESP;FW,MF;Betis;25-283;2000;14;7;558;6.2;0;1;1;0;0;0;0;0;1.2;1.2;1.6;2.9;28;24;34;0.00;0.16;0.16;0.00;0.16;0.20;0.26;0.46;0.20;0.46;Matches
408;Mihailo Ristić;rs SRB;DF,MF;Celta Vigo;30-071;1995;4;4;251;2.8;0;0;0;0;0;0;0;0;0.0;0.0;0.1;0.1;10;10;5;0.00;0.00;0.00;0.00;0.00;0.01;0.02;0.03;0.01;0.03;Matches
409;Joel Roca;es ESP;FW,MF;Girona;20-217;2005;15;9;767;8.5;1;0;1;1;0;0;0;0;1.2;1.2;0.5;1.7;34;19;72;0.12;0.00;0.12;0.12;0.12;0.14;0.06;0.20;0.14;0.20;Matches
410;Marc Roca;es ESP;MF;Betis;29-045;1996;13;10;816;9.1;0;1;1;0;0;0;1;0;0.8;0.8;1.0;1.8;3;35;8;0.00;0.11;0.11;0.00;0.11;0.08;0.11;0.20;0.08;0.20;Matches
411;Álvaro Rodríguez;uy URU;FW;Elche;21-180;2004;15;9;844;9.4;3;4;7;3;0;0;0;0;3.4;3.4;2.3;5.8;14;11;65;0.32;0.43;0.75;0.32;0.75;0.37;0.25;0.62;0.37;0.62;Matches
412;Damián Rodríguez;es ESP;MF;Celta Vigo;22-299;2003;2;2;150;1.7;0;0;0;0;0;0;1;0;0.1;0.1;0.1;0.1;2;11;3;0.00;0.00;0.00;0.00;0.00;0.04;0.05;0.09;0.04;0.09;Matches
413;Dani Rodríguez;es ESP;MF;Mallorca;37-218;1988;2;0;68;0.8;0;0;0;0;0;0;0;0;0.0;0.0;0.0;0.1;0;1;5;0.00;0.00;0.00;0.00;0.00;0.03;0.05;0.07;0.03;0.07;Matches
414;Javi Rodríguez;es ESP;DF;Celta Vigo;22-198;2003;15;11;1,064;11.8;0;0;0;0;0;0;3;0;0.2;0.2;0.2;0.4;9;63;17;0.00;0.00;0.00;0.00;0.00;0.02;0.01;0.03;0.02;0.03;Matches
415;Ricardo Rodríguez;ch SUI;DF;Betis;33-138;1992;12;9;766;8.5;0;1;1;0;0;0;0;0;0.1;0.1;0.4;0.5;17;25;10;0.00;0.12;0.12;0.00;0.12;0.01;0.04;0.05;0.01;0.05;Matches
416;Rodrygo;br BRA;FW,MF;Real Madrid;25-001;2001;17;6;634;7.0;1;3;4;1;0;0;3;0;1.8;1.8;2.2;4.0;41;20;70;0.14;0.43;0.57;0.14;0.57;0.26;0.31;0.56;0.26;0.56;Matches
417;Leo Román;es ESP;GK;Mallorca;25-188;2000;13;13;1,17;13.0;0;0;0;0;0;0;2;0;0.0;0.0;0.0;0.0;0;1;0;0.00;0.00;0.00;0.00;0.00;0.00;0.00;0.00;0.00;0.00;Matches
418;Miguel Román;es ESP;MF;Celta Vigo;23-015;2002;10;7;641;7.1;1;0;1;1;0;0;3;0;0.9;0.9;0.9;1.8;5;26;11;0.14;0.00;0.14;0.14;0.14;0.13;0.13;0.26;0.13;0.26;Matches
419;Carlos Romero;es ESP;DF;Espanyol;24-073;2001;17;17;1,497;16.6;3;2;5;3;0;0;1;0;1.5;1.5;2.0;3.5;43;36;62;0.18;0.12;0.30;0.18;0.30;0.09;0.12;0.21;0.09;0.21;Matches
420;Isaac Romero;es ESP;FW;Sevilla;25-237;2000;13;9;751;8.3;3;0;3;3;0;1;3;1;4.1;3.2;0.4;3.7;9;11;35;0.36;0.00;0.36;0.36;0.36;0.49;0.05;0.54;0.39;0.44;Matches
421;Iván Romero;es ESP;FW;Levante;24-275;2001;14;13;1,051;11.7;4;1;5;4;0;0;2;0;4.4;4.4;1.2;5.6;15;19;52;0.34;0.09;0.43;0.34;0.43;0.37;0.10;0.48;0.37;0.48;Matches
422;Salomón Rondón;ve VEN;FW;Oviedo;36-116;1989;16;13;1,032;11.5;2;0;2;2;0;1;2;0;3.0;2.2;0.2;2.5;6;18;37;0.17;0.00;0.17;0.17;0.17;0.26;0.02;0.28;0.20;0.22;Matches
423;Valentin Rosier;fr FRA;DF,MF;Osasuna;29-144;1996;11;10;786;8.7;0;1;1;0;0;0;3;1;0.1;0.1;0.6;0.7;16;19;41;0.00;0.11;0.11;0.00;0.11;0.01;0.07;0.08;0.01;0.08;Matches
424;Rubén;es ESP;DF,MF;Espanyol;24-340;2001;10;3;328;3.6;0;0;0;0;0;0;0;0;0.0;0.0;0.1;0.1;19;25;16;0.00;0.00;0.00;0.00;0.00;0.00;0.02;0.02;0.00;0.02;Matches
425;Antonio Rüdiger;de GER;DF;Real Madrid;32-313;1993;7;6;605;6.7;0;0;0;0;0;0;0;0;0.1;0.1;0.2;0.3;3;25;1;0.00;0.00;0.00;0.00;0.00;0.01;0.03;0.04;0.01;0.04;Matches
426;Javier Rueda Garcia;es ESP;MF,DF;Celta Vigo;23-247;2002;12;7;681;7.6;1;3;4;1;0;0;3;0;0.6;0.6;1.2;1.9;11;16;57;0.13;0.40;0.53;0.13;0.53;0.08;0.16;0.25;0.08;0.25;Matches
427;Matteo Ruggeri;it ITA;DF;Atlético Madrid;23-183;2002;13;9;774;8.6;0;0;0;0;0;0;2;0;0.1;0.1;0.7;0.7;16;37;50;0.00;0.00;0.00;0.00;0.00;0.01;0.08;0.09;0.01;0.09;Matches
428;Aitor Ruibal;es ESP;FW,DF;Betis;29-294;1996;14;8;780;8.7;3;1;4;3;0;0;2;0;2.4;2.4;1.2;3.6;9;33;43;0.35;0.12;0.46;0.35;0.46;0.28;0.14;0.42;0.28;0.42;Matches
429;Abel Ruiz;es ESP;FW,MF;Girona;25-347;2000;3;0;37;0.4;0;0;0;0;0;0;0;0;0.0;0.0;0.0;0.0;2;0;5;0.00;0.00;0.00;0.00;0.00;0.00;0.00;0.00;0.00;0.00;Matches
430;Mathew Ryan;au AUS;GK;Levante;33-277;1992;15;15;1,35;15.0;0;0;0;0;0;0;2;0;0.0;0.0;0.0;0.0;0;0;0;0.00;0.00;0.00;0.00;0.00;0.00;0.00;0.00;0.00;0.00;Matches
431;Umar Sadiq;ng NGA;FW;Real Sociedad;28-342;1997;5;2;153;1.7;0;0;0;0;0;0;1;0;0.2;0.2;0.0;0.2;0;0;6;0.00;0.00;0.00;0.00;0.00;0.11;0.03;0.14;0.11;0.14;Matches
432;Jan Salas;es ESP;MF;Mallorca;20-153;2005;2;0;17;0.2;0;0;0;0;0;0;0;0;0.0;0.0;0.0;0.0;0;4;0;0.00;0.00;0.00;0.00;0.00;0.00;0.00;0.00;0.00;0.00;Matches
433;Kike Salas;es ESP;DF;Sevilla;23-262;2002;7;5;502;5.6;0;0;0;0;0;0;0;0;0.1;0.1;0.0;0.2;2;29;5;0.00;0.00;0.00;0.00;0.00;0.02;0.01;0.03;0.02;0.03;Matches
434;José Salinas;es ESP;DF,FW;Espanyol;25-102;2000;8;1;141;1.6;0;0;0;0;0;0;1;0;0.0;0.0;0.1;0.1;3;8;21;0.00;0.00;0.00;0.00;0.00;0.00;0.07;0.07;0.00;0.07;Matches
435;Oihan Sancet;es ESP;MF;Athletic Club;25-260;2000;14;13;945;10.5;1;0;1;0;1;1;1;1;3.0;2.2;0.8;3.0;21;48;71;0.10;0.00;0.10;0.00;0.00;0.28;0.08;0.36;0.21;0.29;Matches
436;Alexis Sánchez;cl CHI;FW,MF;Sevilla;37-022;1988;13;6;703;7.8;2;1;3;1;1;1;1;0;1.6;0.8;1.2;2.0;6;35;34;0.26;0.13;0.38;0.13;0.26;0.21;0.15;0.36;0.11;0.26;Matches
437;Antonio Sánchez;es ESP;MF,FW;Mallorca;29-009;1997;14;5;554;6.2;0;0;0;0;0;0;4;1;0.1;0.1;0.5;0.6;6;21;22;0.00;0.00;0.00;0.00;0.00;0.01;0.08;0.10;0.01;0.10;Matches
438;Juanlu Sánchez;es ESP;DF,FW;Sevilla;22-148;2003;14;11;993;11.0;0;1;1;0;0;0;0;0;0.6;0.6;1.3;1.9;28;28;69;0.00;0.09;0.09;0.00;0.09;0.05;0.12;0.17;0.05;0.17;Matches
439;Borja Sánchez Laborde;es ESP;MF;Oviedo;29-318;1996;1;0;14;0.2;0;0;0;0;0;0;0;0;0.0;0.0;0.0;0.0;0;0;1;0.00;0.00;0.00;0.00;0.00;0.00;0.00;0.00;0.00;0.00;Matches
440;Manu Sánchez;es ESP;DF;Levante;25-139;2000;15;15;1,301;14.5;1;1;2;1;0;0;5;0;0.5;0.5;1.1;1.6;31;42;68;0.07;0.07;0.14;0.07;0.14;0.04;0.08;0.11;0.04;0.11;Matches
441;Selton Sánchez;es ESP;MF;Athletic Club;18-324;2007;4;1;131;1.5;0;0;0;0;0;0;0;0;0.3;0.3;0.1;0.3;1;4;10;0.00;0.00;0.00;0.00;0.00;0.18;0.06;0.24;0.18;0.24;Matches
442;Álex Sancris;es ESP;MF,FW;Getafe;28-357;1997;14;5;629;7.0;0;1;1;0;0;0;3;1;0.3;0.3;0.8;1.1;17;8;46;0.00;0.14;0.14;0.00;0.14;0.05;0.11;0.16;0.05;0.16;Matches
443;Maroan Sannadi;ma MAR;FW;Athletic Club;24-343;2001;8;2;259;2.9;1;0;1;1;0;0;2;0;1.0;1.0;0.6;1.6;2;4;17;0.35;0.00;0.35;0.35;0.35;0.36;0.20;0.56;0.36;0.56;Matches
444;Baptiste Santamaria;fr FRA;MF;Valencia;30-307;1995;15;7;668;7.4;1;1;2;1;0;0;2;0;0.4;0.4;1.0;1.4;8;37;7;0.13;0.13;0.27;0.13;0.27;0.05;0.14;0.19;0.05;0.19;Matches
445;Yago Santiago;es ESP;MF,DF;Elche;22-270;2003;4;1;116;1.3;0;0;0;0;0;0;0;0;0.1;0.1;0.2;0.3;5;3;25;0.00;0.00;0.00;0.00;0.00;0.10;0.12;0.22;0.10;0.22;Matches
446;Nicolás Serrano;es ESP;FW;Athletic Club;22-311;2003;8;2;165;1.8;0;0;0;0;0;0;0;0;0.3;0.3;0.3;0.6;9;7;23;0.00;0.00;0.00;0.00;0.00;0.18;0.18;0.35;0.18;0.35;Matches
447;Kwasi Sibo;gh GHA;MF;Oviedo;27-200;1998;9;5;506;5.6;0;0;0;0;0;0;0;0;0.2;0.2;0.0;0.2;1;10;1;0.00;0.00;0.00;0.00;0.00;0.04;0.00;0.04;0.04;0.04;Matches
448;André Silva;pt POR;FW;Elche;30-065;1995;14;9;770;8.6;4;0;4;4;0;0;0;0;4.1;4.1;1.1;5.3;17;30;47;0.47;0.00;0.47;0.47;0.47;0.48;0.13;0.61;0.48;0.61;Matches
449;Giuliano Simeone;ar ARG;MF,FW;Atlético Madrid;23-023;2002;18;15;1,36;15.1;2;5;7;2;0;0;1;0;3.2;3.2;3.5;6.7;44;36;138;0.13;0.33;0.46;0.13;0.46;0.21;0.23;0.44;0.21;0.44;Matches
450;Unai Simón;es ESP;GK;Athletic Club;28-213;1997;19;19;1,71;19.0;0;0;0;0;0;0;0;0;0.0;0.0;0.0;0.0;0;0;0;0.00;0.00;0.00;0.00;0.00;0.00;0.00;0.00;0.00;0.00;Matches
451;Antonio Sivera;es ESP;GK;Alavés;29-152;1996;18;18;1,62;18.0;0;0;0;0;0;0;0;0;0.0;0.0;0.0;0.0;0;0;0;0.00;0.00;0.00;0.00;0.00;0.00;0.00;0.00;0.00;0.00;Matches
452;Alex Sola;es ESP;FW;Getafe;26-215;1999;1;0;13;0.1;0;0;0;0;0;0;0;0;0.0;0.0;0.0;0.0;0;0;1;0.00;0.00;0.00;0.00;0.00;0.00;0.00;0.00;0.00;0.00;Matches
453;Carlos Soler;es ESP;MF;Real Sociedad;29-008;1997;16;10;941;10.5;2;1;3;2;0;0;2;0;1.6;1.6;0.8;2.5;17;66;23;0.19;0.10;0.29;0.19;0.29;0.16;0.08;0.24;0.16;0.24;Matches
454;Jhon Solis;co COL;MF;Girona;21-099;2004;12;3;380;4.2;0;0;0;0;0;0;0;0;0.2;0.2;0.0;0.2;5;12;4;0.00;0.00;0.00;0.00;0.00;0.04;0.01;0.05;0.04;0.05;Matches
455;Manor Solomon;il ISR;MF;Villarreal;26-170;1999;6;1;150;1.7;1;1;2;1;0;0;0;0;0.4;0.4;0.3;0.7;6;7;13;0.60;0.60;1.20;0.60;1.20;0.25;0.16;0.41;0.25;0.41;Matches
456;Hugo Solozabal;es ESP;MF;Getafe;22-337;2003;1;0;11;0.1;0;0;0;0;0;0;0;0;0.0;0.0;0.0;0.0;0;0;0;0.00;0.00;0.00;0.00;0.00;0.00;0.00;0.00;0.00;0.00;Matches
457;David Soria;es ESP;GK;Getafe;32-281;1993;19;19;1,71;19.0;0;0;0;0;0;0;2;0;0.0;0.0;0.0;0.0;0;0;0;0.00;0.00;0.00;0.00;0.00;0.00;0.00;0.00;0.00;0.00;Matches
458;Hugo Sotelo;es ESP;MF;Celta Vigo;22-022;2003;12;9;771;8.6;0;1;1;0;0;0;1;0;0.1;0.1;1.2;1.2;12;56;7;0.00;0.12;0.12;0.00;0.12;0.01;0.13;0.15;0.01;0.15;Matches
459;Djibril Sow;ch SUI;MF;Sevilla;28-338;1997;14;13;1,006;11.2;2;0;2;2;0;0;3;0;0.6;0.6;0.5;1.1;15;48;25;0.18;0.00;0.18;0.18;0.18;0.05;0.05;0.10;0.05;0.10;Matches
460;Carl Starfelt;se SWE;DF;Celta Vigo;30-223;1995;11;9;779;8.7;0;0;0;0;0;0;3;1;0.4;0.4;0.0;0.4;0;13;0;0.00;0.00;0.00;0.00;0.00;0.05;0.00;0.05;0.05;0.05;Matches
461;Orri Steinn Óskarsson;is ISL;FW;Real Sociedad;21-134;2004;4;1;116;1.3;1;0;1;1;0;0;0;0;0.5;0.5;0.3;0.7;0;1;9;0.78;0.00;0.78;0.78;0.78;0.36;0.21;0.57;0.36;0.57;Matches
462;Cristhian Stuani;uy URU;FW;Girona;39-090;1986;9;1;203;2.3;3;0;3;0;3;3;2;0;2.7;0.5;0.0;0.5;0;1;3;1.33;0.00;1.33;0.00;0.00;1.19;0.00;1.19;0.20;0.20;Matches
463;Denis Suárez;es ESP;MF;Alavés;32-004;1994;16;10;865;9.6;1;0;1;1;0;0;4;0;0.7;0.7;1.1;1.9;14;57;19;0.10;0.00;0.10;0.10;0.10;0.07;0.12;0.19;0.07;0.19;Matches
464;Gabriel Suazo;cl CHI;DF,MF;Sevilla;28-154;1997;12;11;989;11.0;0;2;2;0;0;0;3;0;0.3;0.3;1.4;1.7;14;45;56;0.00;0.18;0.18;0.00;0.18;0.03;0.12;0.15;0.03;0.15;Matches
465;Luka Sučić;hr CRO;MF,FW;Real Sociedad;23-124;2002;7;2;235;2.6;0;0;0;0;0;0;0;0;0.4;0.4;0.2;0.5;5;12;10;0.00;0.00;0.00;0.00;0.00;0.14;0.06;0.20;0.14;0.20;Matches
466;Williot Swedberg;se SWE;FW,MF;Celta Vigo;21-343;2004;11;6;471;5.2;3;0;3;3;0;0;1;0;2.2;2.2;0.1;2.3;9;10;31;0.57;0.00;0.57;0.57;0.57;0.42;0.02;0.44;0.42;0.44;Matches
467;Wojciech Szczęsny;pl POL;GK;Barcelona;35-267;1990;6;6;540;6.0;0;0;0;0;0;0;0;0;0.0;0.0;0.0;0.0;0;0;0;0.00;0.00;0.00;0.00;0.00;0.00;0.00;0.00;0.00;0.00;Matches
468;Alexander Sørloth;no NOR;FW;Atlético Madrid;30-036;1995;18;9;904;10.0;5;0;5;5;0;0;3;1;4.3;4.3;0.5;4.8;24;14;56;0.50;0.00;0.50;0.50;0.50;0.43;0.05;0.48;0.43;0.48;Matches
469;César Tárrega;es ESP;DF;Valencia;23-318;2002;17;16;1,465;16.3;0;0;0;0;0;0;5;0;0.2;0.2;0.1;0.3;7;34;1;0.00;0.00;0.00;0.00;0.00;0.01;0.00;0.02;0.01;0.02;Matches
470;Aurélien Tchouaméni;fr FRA;MF;Real Madrid;25-348;2000;17;16;1,385;15.4;0;0;0;0;0;0;4;0;1.3;1.3;2.2;3.5;16;89;16;0.00;0.00;0.00;0.00;0.00;0.08;0.14;0.22;0.08;0.22;Matches
471;Nahuel Tenaglia;ar ARG;DF;Alavés;29-323;1996;17;17;1,53;17.0;1;0;1;1;0;0;2;0;0.8;0.8;0.1;0.9;5;41;3;0.06;0.00;0.06;0.06;0.06;0.05;0.01;0.05;0.05;0.05;Matches
472;Arnau Tenas;es ESP;GK;Villarreal;24-225;2001;3;3;270;3.0;0;0;0;0;0;0;0;0;0.0;0.0;0.0;0.0;0;0;0;0.00;0.00;0.00;0.00;0.00;0.00;0.00;0.00;0.00;0.00;Matches
473;Ramón Terrats;es ESP;MF,FW;Espanyol;25-084;2000;11;3;265;2.9;0;0;0;0;0;0;0;0;0.3;0.3;0.9;1.3;2;3;18;0.00;0.00;0.00;0.00;0.00;0.11;0.32;0.43;0.11;0.43;Matches
474;Jeremy Toljan;de GER;DF;Levante;31-155;1994;17;17;1,435;15.9;1;2;3;1;0;0;4;0;0.8;0.8;2.0;2.8;8;32;47;0.06;0.13;0.19;0.06;0.19;0.05;0.12;0.17;0.05;0.17;Matches
475;Pablo Torre;es ESP;MF,FW;Mallorca;22-282;2003;16;7;652;7.2;0;2;2;0;0;0;1;0;0.5;0.5;1.1;1.6;10;40;26;0.00;0.28;0.28;0.00;0.28;0.07;0.16;0.22;0.07;0.22;Matches
476;Jofre Torrents;es ESP;DF;Barcelona;18-347;2007;3;0;50;0.6;0;0;0;0;0;0;0;0;0.0;0.0;0.0;0.0;0;1;11;0.00;0.00;0.00;0.00;0.00;0.00;0.00;0.00;0.00;0.00;Matches
477;Ferrán Torres;es ESP;FW;Barcelona;25-315;2000;18;14;1,144;12.7;11;1;12;11;0;0;2;0;8.7;8.7;1.4;10.1;8;17;74;0.87;0.08;0.94;0.87;0.94;0.68;0.11;0.79;0.68;0.79;Matches
478;Lucas Torró;es ESP;MF;Osasuna;31-175;1994;17;17;1,25;13.9;0;1;1;0;0;0;4;0;0.8;0.8;0.6;1.3;2;40;12;0.00;0.07;0.07;0.00;0.07;0.06;0.04;0.10;0.06;0.10;Matches
479;Óscar Trejo;ar ARG;MF;Rayo Vallecano;37-259;1988;4;0;44;0.5;0;0;0;0;0;0;2;0;0.2;0.2;0.1;0.3;3;6;3;0.00;0.00;0.00;0.00;0.00;0.34;0.30;0.64;0.34;0.64;Matches
480;Viktor Tsyhankov;ua UKR;MF,FW;Girona;28-056;1997;12;11;862;9.6;4;2;6;4;0;0;0;0;2.1;2.1;1.5;3.6;27;19;54;0.42;0.21;0.63;0.42;0.63;0.22;0.16;0.38;0.22;0.38;Matches
481;Kareem Tunde;es ESP;FW;Levante;20-144;2005;2;1;81;0.9;0;0;0;0;0;0;0;0;0.1;0.1;0.3;0.4;0;0;7;0.00;0.00;0.00;0.00;0.00;0.08;0.31;0.40;0.08;0.40;Matches
482;Beñat Turrientes;es ESP;MF;Real Sociedad;23-344;2002;10;5;416;4.6;0;0;0;0;0;0;2;0;0.3;0.3;0.1;0.4;1;21;7;0.00;0.00;0.00;0.00;0.00;0.07;0.01;0.08;0.07;0.08;Matches
483;Christantus Uche;ng NGA;FW;Getafe;22-236;2003;3;3;270;3.0;1;1;2;1;0;0;1;0;1.4;1.4;0.4;1.8;4;4;15;0.33;0.33;0.67;0.33;0.67;0.47;0.14;0.61;0.47;0.61;Matches
484;Filip Ugrinic;ch SUI;MF;Valencia;27-005;1999;8;2;280;3.1;0;2;2;0;0;0;1;0;0.2;0.2;0.5;0.7;2;21;8;0.00;0.64;0.64;0.00;0.64;0.06;0.16;0.22;0.06;0.22;Matches
485;Victor Valdepeñas;es ESP;DF;Real Madrid;19-082;2006;1;1;77;0.9;0;0;0;0;0;0;0;0;0.0;0.0;0.0;0.0;1;2;12;0.00;0.00;0.00;0.00;0.00;0.00;0.02;0.02;0.00;0.02;Matches
486;Óscar Valentín;es ESP;MF;Rayo Vallecano;31-143;1994;16;12;1,055;11.7;0;0;0;0;0;0;1;0;0.3;0.3;0.4;0.7;8;57;7;0.00;0.00;0.00;0.00;0.00;0.03;0.03;0.06;0.03;0.06;Matches
487;Germán Valera;es ESP;DF,MF;Elche;23-300;2002;17;15;1,265;14.1;3;2;5;3;0;0;2;0;1.6;1.6;1.7;3.3;47;54;129;0.21;0.14;0.36;0.21;0.36;0.11;0.12;0.23;0.11;0.23;Matches
488;Martin Valjent;sk SVK;DF;Mallorca;30-030;1995;18;18;1,62;18.0;0;0;0;0;0;0;1;0;0.5;0.5;0.0;0.5;14;55;12;0.00;0.00;0.00;0.00;0.00;0.03;0.00;0.03;0.03;0.03;Matches
489;Álvaro Vallés;es ESP;GK;Betis;28-169;1997;11;11;990;11.0;0;0;0;0;0;0;0;0;0.0;0.0;0.0;0.0;0;0;0;0.00;0.00;0.00;0.00;0.00;0.00;0.00;0.00;0.00;0.00;Matches
490;Federico Valverde;uy URU;MF,DF;Real Madrid;27-172;1998;18;16;1,472;16.4;0;6;6;0;0;0;2;0;1.4;1.4;2.3;3.7;25;99;58;0.00;0.37;0.37;0.00;0.37;0.09;0.14;0.23;0.09;0.23;Matches
491;Vladyslav Vanat;ua UKR;FW;Girona;24-006;2002;15;15;1,085;12.1;4;0;4;3;1;1;1;0;4.2;3.4;1.1;4.5;8;10;35;0.33;0.00;0.33;0.25;0.25;0.34;0.09;0.44;0.28;0.37;Matches
492;Ruben Vargas;ch SUI;FW,MF;Sevilla;27-158;1998;12;11;863;9.6;3;4;7;2;1;1;1;0;2.0;1.2;1.4;2.7;31;32;53;0.31;0.42;0.73;0.21;0.63;0.21;0.15;0.36;0.13;0.28;Matches
493;José Luis García Vayá;es ESP;MF;Valencia;27-152;1998;16;14;1,235;13.7;1;0;1;1;0;1;1;0;1.5;0.7;1.0;1.8;4;99;11;0.07;0.00;0.07;0.07;0.07;0.11;0.08;0.18;0.05;0.13;Matches
494;Jesus Vazquez;es ESP;DF;Valencia;23-008;2003;12;4;556;6.2;0;0;0;0;0;0;0;0;0.2;0.2;0.3;0.6;23;22;45;0.00;0.00;0.00;0.00;0.00;0.04;0.05;0.09;0.04;0.09;Matches
495;Renato Veiga;pt POR;DF;Villarreal;22-165;2003;14;11;1,013;11.3;0;0;0;0;0;0;1;1;0.2;0.2;0.0;0.2;9;39;2;0.00;0.00;0.00;0.00;0.00;0.01;0.00;0.02;0.01;0.02;Matches
496;Unai Vencedor Paris;es ESP;MF;Levante;25-056;2000;11;10;683;7.6;0;0;0;0;0;0;2;1;0.0;0.0;0.9;0.9;2;32;2;0.00;0.00;0.00;0.00;0.00;0.00;0.12;0.12;0.00;0.12;Matches
497;Jozhua Vertrouwd;nl NED;DF;Rayo Vallecano;21-142;2004;4;1;207;2.3;0;0;0;0;0;0;0;0;0.0;0.0;0.1;0.2;0;1;2;0.00;0.00;0.00;0.00;0.00;0.02;0.06;0.09;0.02;0.09;Matches
498;Mikel Vesga;es ESP;MF;Athletic Club;32-234;1993;12;1;247;2.7;0;0;0;0;0;0;0;0;0.1;0.1;0.1;0.2;3;23;6;0.00;0.00;0.00;0.00;0.00;0.05;0.03;0.08;0.05;0.08;Matches
499;Carlos Vicente;es ESP;MF,FW;Alavés;26-262;1999;18;8;996;11.1;4;0;4;1;3;3;1;0;3.3;0.9;2.8;3.8;34;22;108;0.36;0.00;0.36;0.09;0.09;0.30;0.26;0.55;0.08;0.34;Matches
500;Nacho Vidal;es ESP;DF;Oviedo;30-351;1995;12;12;979;10.9;0;0;0;0;0;0;2;0;1.0;1.0;0.1;1.1;15;19;30;0.00;0.00;0.00;0.00;0.00;0.09;0.00;0.10;0.09;0.10;Matches
501;Federico Viñas;uy URU;FW;Oviedo;27-194;1998;15;10;921;10.2;2;0;2;1;1;1;4;3;3.1;2.4;1.5;3.8;7;18;42;0.20;0.00;0.20;0.10;0.10;0.30;0.14;0.45;0.23;0.37;Matches
502;Jan Virgili;es ESP;FW,MF;Mallorca;19-168;2006;13;10;842;9.4;0;4;4;0;0;0;0;0;1.4;1.4;2.4;3.8;41;17;79;0.00;0.43;0.43;0.00;0.43;0.14;0.26;0.40;0.14;0.40;Matches
503;Daniel Vivian;es ESP;DF;Athletic Club;26-179;1999;17;16;1,468;16.3;0;0;0;0;0;0;5;1;0.8;0.8;0.4;1.2;8;68;2;0.00;0.00;0.00;0.00;0.00;0.05;0.03;0.07;0.05;0.07;Matches
504;Odysseas Vlachodimos;gr GRE;GK;Sevilla;31-259;1994;14;14;1,26;14.0;0;0;0;0;0;0;1;0;0.0;0.0;0.0;0.0;0;0;0;0.00;0.00;0.00;0.00;0.00;0.00;0.00;0.00;0.00;0.00;Matches
505;Iñaki Williams;gh GHA;FW;Athletic Club;31-209;1994;12;10;854;9.5;1;0;1;0;1;1;1;0;2.6;1.8;0.6;2.4;22;17;82;0.11;0.00;0.11;0.00;0.00;0.27;0.06;0.33;0.19;0.25;Matches
506;Nico Williams;es ESP;FW;Athletic Club;23-182;2002;15;12;1,057;11.7;3;2;5;2;1;2;1;0;4.1;2.5;3.5;6.1;73;33;122;0.26;0.17;0.43;0.17;0.34;0.35;0.30;0.65;0.22;0.52;Matches
507;Axel Witsel;be BEL;MF;Girona;36-363;1989;15;15;1,24;13.8;1;0;1;1;0;0;2;1;1.3;1.3;0.2;1.5;14;62;11;0.07;0.00;0.07;0.07;0.07;0.09;0.02;0.11;0.09;0.11;Matches
508;Lamine Yamal;es ESP;FW;Barcelona;18-181;2007;15;14;1,259;14.0;7;7;14;5;2;2;0;0;5.1;3.5;5.4;8.9;107;78;153;0.50;0.50;1.00;0.36;0.86;0.36;0.39;0.75;0.25;0.64;Matches
509;Arsen Zakharyan;ru RUS;MF;Real Sociedad;22-229;2003;12;1;291;3.2;0;0;0;0;0;0;1;0;0.1;0.1;0.8;0.9;7;16;25;0.00;0.00;0.00;0.00;0.00;0.04;0.24;0.28;0.04;0.28;Matches
510;Bryan Zaragoza;es ESP;FW,MF;Celta Vigo;24-123;2001;16;10;885;9.8;0;1;1;0;0;0;0;0;0.8;0.8;2.2;3.0;60;24;91;0.00;0.10;0.10;0.00;0.10;0.08;0.23;0.31;0.08;0.31;Matches
511;Igor Zubeldia;es ESP;DF;Real Sociedad;28-286;1997;14;14;1,26;14.0;0;1;1;0;0;0;5;0;0.2;0.2;0.7;0.9;5;48;0;0.00;0.07;0.07;0.00;0.07;0.01;0.05;0.06;0.01;0.06;Matches
