Rk;Player;Nation;Pos;Squad;Age;Born;MP;Starts;Min;90s;Gls;Ast;G+A;G-PK;PK;PKatt;CrdY;CrdR;xG;npxG;xAG;npxG+xAG;PrgC;PrgP;PrgR;Gls;Ast;G+A;G-PK;G+A-PK;xG;xAG;xG+xAG;npxG;npxG+xAG;Matches
1;Jones El-Abdellaoui;ma MAR;FW,MF;Celta Vigo;19-364;2006;10;0;222;2.5;2;0;2;2;0;0;0;0;2.2;2.2;0.1;2.3;18;0;35;0.81;0.00;0.81;0.81;0.81;0.91;0.03;0.94;0.91;0.94;Matches
2;Abdel Abqar;ma MAR;DF;Getafe;26-307;1999;10;8;690;7.7;0;1;1;0;0;0;5;0;0.2;0.2;0.4;0.6;3;11;1;0.00;0.13;0.13;0.00;0.13;0.03;0.05;0.08;0.03;0.08;Matches
3;Akor Adams;ng NGA;FW;Sevilla;25-347;2000;14;8;852;9.5;3;2;5;3;0;0;1;0;3.9;3.9;0.8;4.7;17;8;41;0.32;0.21;0.53;0.32;0.53;0.41;0.08;0.50;0.41;0.50;Matches
4;David Affengruber;at AUT;DF;Elche;24-298;2001;18;16;1,47;16.3;0;0;0;0;0;0;4;1;0.4;0.4;0.3;0.7;16;58;5;0.00;0.00;0.00;0.00;0.00;0.03;0.02;0.04;0.03;0.04;Matches
5;Julen Agirrezabala;es ESP;GK;Valencia;25-016;2000;18;18;1,62;18.0;0;0;0;0;0;0;1;0;0.0;0.0;0.0;0.0;0;1;0;0.00;0.00;0.00;0.00;0.00;0.00;0.00;0.00;0.00;0.00;Matches
6;Lucien Agoume;fr FRA;MF;Sevilla;23-336;2002;15;13;1,135;12.6;1;2;3;1;0;0;8;0;0.5;0.5;1.8;2.3;18;76;22;0.08;0.16;0.24;0.08;0.24;0.04;0.14;0.18;0.04;0.18;Matches
7;Marc Aguado;es ESP;MF;Elche;25-323;2000;18;15;1,237;13.7;0;0;0;0;0;0;1;0;0.0;0.0;0.0;0.1;4;49;12;0.00;0.00;0.00;0.00;0.00;0.00;0.00;0.00;0.00;0.00;Matches
8;Pablo Agudín;es ESP;MF,FW;Oviedo;18-064;2007;4;0;70;0.8;0;0;0;0;0;0;0;0;0.0;0.0;0.0;0.0;1;1;7;0.00;0.00;0.00;0.00;0.00;0.05;0.00;0.05;0.05;0.05;Matches
9;Lucas Ahijado;es ESP;DF;Oviedo;30-346;1995;9;7;686;7.6;0;1;1;0;0;0;2;0;0.8;0.8;0.5;1.4;9;25;20;0.00;0.13;0.13;0.00;0.13;0.11;0.07;0.18;0.11;0.18;Matches
10;Joseph Aidoo;gh GHA;DF;Celta Vigo;30-104;1995;3;2;198;2.2;0;0;0;0;0;0;0;0;0.2;0.2;0.0;0.2;0;3;0;0.00;0.00;0.00;0.00;0.00;0.11;0.00;0.11;0.11;0.11;Matches
11;Ilias Akhomach;ma MAR;MF,FW;Villarreal;21-270;2004;9;2;188;2.1;0;0;0;0;0;0;0;0;0.6;0.6;0.7;1.3;9;7;20;0.00;0.00;0.00;0.00;0.00;0.30;0.32;0.62;0.30;0.62;Matches
12;David Alaba;at AUT;DF;Real Madrid;33-201;1992;3;1;57;0.6;0;0;0;0;0;0;0;0;0.0;0.0;0.0;0.0;1;2;0;0.00;0.00;0.00;0.00;0.00;0.05;0.00;0.05;0.05;0.05;Matches
13;Alexandre Alemão;br BRA;FW;Rayo Vallecano;27-285;1998;11;6;556;6.2;1;0;1;1;0;0;1;0;1.6;1.6;0.1;1.7;0;6;27;0.16;0.00;0.16;0.16;0.16;0.26;0.02;0.28;0.26;0.28;Matches
14;Carles Aleñá;es ESP;MF,FW;Alavés;28-006;1998;19;12;1,056;11.7;0;3;3;0;0;0;2;0;1.2;1.2;1.1;2.3;8;41;42;0.00;0.26;0.26;0.00;0.26;0.10;0.10;0.20;0.10;0.20;Matches
15;Trent Alexander-Arnold;eng ENG;DF;Real Madrid;27-096;1998;8;5;392;4.4;0;1;1;0;0;0;0;0;0.1;0.1;1.0;1.0;6;17;24;0.00;0.23;0.23;0.00;0.23;0.01;0.22;0.23;0.01;0.23;Matches
16;Alfon;es ESP;FW,DF;Sevilla;26-252;1999;10;4;312;3.5;1;0;1;1;0;0;0;0;0.7;0.7;0.3;1.0;8;10;36;0.29;0.00;0.29;0.29;0.29;0.19;0.09;0.28;0.19;0.28;Matches
17;Thiago Almada;ar ARG;MF,FW;Atlético Madrid;24-260;2001;11;4;432;4.8;2;1;3;2;0;0;1;0;2.3;2.3;1.0;3.3;14;29;21;0.42;0.21;0.62;0.42;0.62;0.47;0.21;0.68;0.47;0.68;Matches
18;Domingos André Ribeiro Almeida;pt POR;MF,FW;Valencia;25-226;2000;13;9;794;8.8;0;1;1;0;0;0;0;0;0.6;0.6;1.1;1.7;24;73;37;0.00;0.11;0.11;0.00;0.11;0.06;0.13;0.19;0.06;0.19;Matches
19;Marcos Alonso;es ESP;DF;Celta Vigo;35-014;1990;15;14;1,253;13.9;0;0;0;0;0;0;2;0;0.4;0.4;0.4;0.8;34;91;14;0.00;0.00;0.00;0.00;0.00;0.03;0.03;0.06;0.03;0.06;Matches
20;Adrià Altimira;es ESP;DF;Villarreal;24-289;2001;1;0;9;0.1;0;0;0;0;0;0;0;0;0.0;0.0;0.0;0.0;1;1;1;0.00;0.00;0.00;0.00;0.00;0.00;0.00;0.00;0.00;0.00;Matches
21;Sergi Altimira;es ESP;MF;Betis;24-139;2001;11;6;564;6.3;1;1;2;1;0;0;2;0;0.2;0.2;0.2;0.3;7;15;3;0.16;0.16;0.32;0.16;0.32;0.03;0.03;0.05;0.03;0.05;Matches
22;Carlos Álvarez;es ESP;MF;Levante;22-158;2003;17;14;1,21;13.4;3;1;4;3;0;0;2;0;1.6;1.6;2.7;4.3;28;73;30;0.22;0.07;0.30;0.22;0.30;0.12;0.20;0.32;0.12;0.32;Matches
23;Hugo Álvarez;es ESP;FW,MF;Celta Vigo;22-193;2003;10;3;386;4.3;2;0;2;2;0;0;0;0;0.1;0.1;0.3;0.4;11;18;31;0.47;0.00;0.47;0.47;0.47;0.03;0.06;0.09;0.03;0.09;Matches
24;Julián Álvarez;ar ARG;FW;Atlético Madrid;25-345;2000;19;18;1,372;15.2;7;3;10;5;2;3;2;0;6.4;4.0;4.6;8.6;41;66;86;0.46;0.20;0.66;0.33;0.52;0.42;0.30;0.72;0.26;0.56;Matches
25;Sofyan Amrabat;ma MAR;MF;Betis;29-143;1996;8;6;603;6.7;0;0;0;0;0;0;3;0;0.1;0.1;0.2;0.3;9;43;3;0.00;0.00;0.00;0.00;0.00;0.02;0.03;0.05;0.02;0.05;Matches
26;Miguel Ángel Rubio;es ESP;DF;Espanyol;27-306;1998;6;1;138;1.5;1;0;1;1;0;0;0;0;0.7;0.7;0.0;0.7;0;1;0;0.65;0.00;0.65;0.65;0.65;0.43;0.00;0.43;0.43;0.43;Matches
27;Miguel Ángel Sierra;es ESP;FW,MF;Sevilla;21-181;2004;2;0;26;0.3;0;0;0;0;0;0;0;0;0.0;0.0;0.0;0.0;0;0;0;0.00;0.00;0.00;0.00;0.00;0.08;0.00;0.08;0.08;0.08;Matches
28;Antoniu;es ESP;FW,MF;Espanyol;23-128;2002;6;1;86;1.0;0;0;0;0;0;0;0;0;0.2;0.2;0.1;0.2;5;5;9;0.00;0.00;0.00;0.00;0.00;0.16;0.10;0.25;0.16;0.25;Matches
29;Antony;br BRA;FW;Betis;25-321;2000;14;14;1,173;13.0;5;3;8;5;0;0;1;1;4.2;4.2;2.1;6.3;74;69;129;0.38;0.23;0.61;0.38;0.61;0.32;0.16;0.48;0.32;0.48;Matches
30;Mauro Arambarri;uy URU;MF;Getafe;30-103;1995;19;19;1,678;18.6;3;1;4;3;0;0;3;0;2.7;2.7;0.4;3.1;11;50;37;0.16;0.05;0.21;0.16;0.21;0.15;0.02;0.17;0.15;0.17;Matches
31;Jon Aramburu;ve VEN;DF;Real Sociedad;23-172;2002;17;16;1,442;16.0;1;0;1;1;0;0;6;0;1.5;1.5;0.3;1.7;12;65;44;0.06;0.00;0.06;0.06;0.06;0.09;0.02;0.11;0.09;0.11;Matches
32;Juan Arango;ve VEN;FW;Girona;19-224;2006;1;0;8;0.1;0;0;0;0;0;0;1;0;0.0;0.0;0.0;0.0;0;0;0;0.00;0.00;0.00;0.00;0.00;0.00;0.00;0.00;0.00;0.00;Matches
33;Ronald Araújo;uy URU;DF;Barcelona;26-310;1999;11;7;649;7.2;2;0;2;2;0;0;2;0;0.4;0.4;0.0;0.4;11;29;4;0.28;0.00;0.28;0.28;0.28;0.05;0.00;0.06;0.05;0.06;Matches
34;Jesús Areso;es ESP;DF;Athletic Club;26-193;1999;16;9;995;11.1;0;1;1;0;0;0;1;0;0.0;0.0;1.2;1.3;30;28;71;0.00;0.09;0.09;0.00;0.09;0.00;0.11;0.11;0.00;0.11;Matches
35;Iñigo Arguibide;es ESP;DF;Osasuna;20-267;2005;5;2;179;2.0;0;0;0;0;0;0;0;1;0.0;0.0;0.1;0.1;1;5;8;0.00;0.00;0.00;0.00;0.00;0.00;0.06;0.06;0.00;0.06;Matches
36;Kervin Arriaga;hn HON;MF;Levante;28-006;1998;14;10;898;10.0;1;1;2;1;0;0;4;0;0.2;0.2;0.4;0.6;8;34;6;0.10;0.10;0.20;0.10;0.20;0.02;0.04;0.06;0.02;0.06;Matches
37;Takuma Asano;jp JPN;FW;Mallorca;31-062;1994;13;5;401;4.5;1;0;1;1;0;0;2;0;1.1;1.1;0.9;2.0;8;2;20;0.22;0.00;0.22;0.22;0.22;0.25;0.21;0.46;0.25;0.46;Matches
38;Raúl Asencio;es ESP;DF;Real Madrid;22-332;2003;13;8;854;9.5;1;0;1;1;0;0;2;0;0.6;0.6;0.1;0.8;7;33;8;0.11;0.00;0.11;0.11;0.11;0.07;0.02;0.08;0.07;0.08;Matches
39;Iago Aspas;es ESP;FW,MF;Celta Vigo;38-163;1987;16;7;670;7.4;2;3;5;1;1;1;2;0;2.6;1.8;3.1;4.8;17;73;51;0.27;0.40;0.67;0.13;0.54;0.34;0.41;0.76;0.24;0.65;Matches
40;Yaser Asprilla;co COL;FW,MF;Girona;22-053;2003;14;6;593;6.6;0;0;0;0;0;0;0;0;0.6;0.6;1.7;2.2;20;22;51;0.00;0.00;0.00;0.00;0.00;0.09;0.25;0.34;0.09;0.34;Matches
41;Lander Astiazaran;es ESP;MF;Real Sociedad;19-279;2006;1;0;1;0.0;0;0;0;0;0;0;0;0;0.0;0.0;0.0;0.0;0;0;1;0.00;0.00;0.00;0.00;0.00;2.71;0.00;2.71;2.71;2.71;Matches
42;Ezequiel Ávila;ar ARG;FW,MF;Betis;31-339;1994;7;0;61;0.7;0;0;0;0;0;0;3;0;0.3;0.3;0.1;0.3;1;3;2;0.00;0.00;0.00;0.00;0.00;0.40;0.08;0.48;0.40;0.48;Matches
43;César Azpilicueta;es ESP;DF;Sevilla;36-136;1989;9;9;677;7.5;0;0;0;0;0;0;3;0;0.0;0.0;0.0;0.0;6;20;9;0.00;0.00;0.00;0.00;0.00;0.00;0.00;0.00;0.00;0.00;Matches
44;Alex Baena;es ESP;MF,FW;Atlético Madrid;24-175;2001;11;9;610;6.8;2;1;3;2;0;0;2;0;1.2;1.2;2.9;4.1;20;41;50;0.30;0.15;0.44;0.30;0.44;0.17;0.43;0.61;0.17;0.61;Matches
45;Eric Bailly;ci CIV;DF;Oviedo;31-274;1994;5;5;413;4.6;0;0;0;0;0;0;1;0;0.2;0.2;0.0;0.2;0;5;0;0.00;0.00;0.00;0.00;0.00;0.05;0.00;0.05;0.05;0.05;Matches
46;Cédric Bakambu;cd COD;FW;Betis;34-275;1991;7;0;71;0.8;1;0;1;1;0;0;0;0;0.4;0.4;0.0;0.5;1;0;7;1.27;0.00;1.27;1.27;1.27;0.57;0.02;0.58;0.57;0.58;Matches
47;Alejandro Balde;es ESP;DF;Barcelona;22-085;2003;15;14;1,123;12.5;0;2;2;0;0;0;2;0;0.2;0.2;1.2;1.5;33;62;92;0.00;0.16;0.16;0.00;0.16;0.02;0.10;0.12;0.02;0.12;Matches
48;Iván Balliu;al ALB;DF;Rayo Vallecano;34-010;1992;8;2;202;2.2;0;0;0;0;0;0;3;0;0.3;0.3;0.0;0.3;4;25;9;0.00;0.00;0.00;0.00;0.00;0.15;0.01;0.15;0.15;0.15;Matches
49;Roony Bardghji;se SWE;FW;Barcelona;20-057;2005;9;3;247;2.7;1;1;2;1;0;0;0;0;1.0;1.0;1.0;2.0;13;13;37;0.36;0.36;0.73;0.36;0.73;0.37;0.35;0.71;0.37;0.71;Matches
50;Kike Barja;es ESP;FW,MF;Osasuna;28-285;1997;14;1;186;2.1;0;0;0;0;0;0;2;0;0.1;0.1;0.3;0.3;9;2;16;0.00;0.00;0.00;0.00;0.00;0.03;0.12;0.15;0.03;0.15;Matches
51;Ander Barrenetxea;es ESP;MF,FW;Real Sociedad;24-015;2001;17;12;1,03;11.4;3;3;6;3;0;0;2;0;1.9;1.9;4.0;5.9;44;52;102;0.26;0.26;0.52;0.26;0.52;0.17;0.35;0.51;0.17;0.51;Matches
52;Pablo Barrios;es ESP;MF;Atlético Madrid;22-210;2003;18;16;1,347;15.0;1;0;1;1;0;0;0;0;1.5;1.5;0.7;2.3;42;100;49;0.07;0.00;0.07;0.07;0.07;0.10;0.05;0.15;0.10;0.15;Matches
53;Marc Bartra;es ESP;DF;Betis;34-361;1991;15;13;1,268;14.1;1;0;1;1;0;0;2;0;0.2;0.2;0.0;0.2;5;26;0;0.07;0.00;0.07;0.07;0.07;0.01;0.00;0.01;0.01;0.01;Matches
54;Augusto Batalla;ar ARG;GK;Rayo Vallecano;29-256;1996;18;18;1,62;18.0;0;0;0;0;0;0;3;0;0.0;0.0;0.0;0.0;0;2;0;0.00;0.00;0.00;0.00;0.00;0.00;0.00;0.00;0.00;0.00;Matches
55;Samu Becerra;es ESP;DF,MF;Rayo Vallecano;20-010;2006;3;0;12;0.1;0;0;0;0;0;0;0;0;0.0;0.0;0.0;0.0;0;0;2;0.00;0.00;0.00;0.00;0.00;0.00;0.37;0.37;0.00;0.37;Matches
56;Sheraldo Becker;sr SUR;MF,FW;Osasuna;30-336;1995;9;0;158;1.8;0;0;0;0;0;0;0;0;0.1;0.1;0.3;0.4;4;4;22;0.00;0.00;0.00;0.00;0.00;0.08;0.17;0.24;0.08;0.24;Matches
57;Donny van de Beek;nl NED;MF;Girona;28-268;1997;2;1;41;0.5;0;0;0;0;0;0;0;0;0.1;0.1;0.0;0.1;0;2;2;0.00;0.00;0.00;0.00;0.00;0.19;0.00;0.19;0.19;0.19;Matches
58;Ismael Bekhoucha;ma MAR;DF;Getafe;21-052;2004;4;1;122;1.4;0;1;1;0;0;0;2;0;0.0;0.0;1.0;1.0;1;2;2;0.00;0.74;0.74;0.00;0.74;0.01;0.70;0.71;0.01;0.71;Matches
59;Héctor Bellerín;es ESP;DF;Betis;30-298;1995;16;12;1,081;12.0;0;2;2;0;0;0;1;0;0.1;0.1;2.2;2.3;14;52;63;0.00;0.17;0.17;0.00;0.17;0.01;0.18;0.19;0.01;0.19;Matches
60;Jude Bellingham;eng ENG;MF;Real Madrid;22-196;2003;15;12;1,102;12.2;4;3;7;4;0;0;1;0;4.5;4.5;2.5;6.9;31;110;63;0.33;0.25;0.57;0.33;0.57;0.37;0.20;0.57;0.37;0.57;Matches
61;Fran Beltrán;es ESP;MF;Celta Vigo;26-342;1999;10;7;528;5.9;0;0;0;0;0;0;0;0;0.3;0.3;0.1;0.4;6;31;9;0.00;0.00;0.00;0.00;0.00;0.05;0.01;0.06;0.05;0.06;Matches
62;Lucas Beltrán;ar ARG;FW;Valencia;24-288;2001;16;8;680;7.6;1;0;1;1;0;0;0;0;1.9;1.9;1.1;3.0;13;27;42;0.13;0.00;0.13;0.13;0.13;0.25;0.15;0.40;0.25;0.40;Matches
63;Carlos Benavídez;uy URU;MF,DF;Alavés;27-287;1998;5;0;77;0.9;0;0;0;0;0;0;2;1;0.1;0.1;0.0;0.1;1;5;4;0.00;0.00;0.00;0.00;0.00;0.10;0.03;0.13;0.10;0.13;Matches
64;Iker Benito;es ESP;DF,FW;Osasuna;23-154;2002;5;1;150;1.7;1;0;1;1;0;0;1;0;0.6;0.6;0.2;0.8;8;1;11;0.60;0.00;0.60;0.60;0.60;0.36;0.12;0.48;0.36;0.48;Matches
65;Yuri Berchiche;es ESP;DF;Athletic Club;35-335;1990;16;15;1,355;15.1;0;0;0;0;0;0;2;0;0.3;0.3;1.0;1.3;22;93;35;0.00;0.00;0.00;0.00;0.00;0.02;0.07;0.08;0.02;0.08;Matches
66;Álex Berenguer;es ESP;FW,MF;Athletic Club;30-191;1995;17;15;1,228;13.6;2;2;4;2;0;0;3;0;2.7;2.7;3.6;6.3;40;44;114;0.15;0.15;0.29;0.15;0.29;0.20;0.26;0.46;0.20;0.46;Matches
67;Lucas Bergström;fi FIN;GK;Mallorca;23-128;2002;5;5;450;5.0;0;0;0;0;0;0;1;0;0.0;0.0;0.0;0.0;0;0;0;0.00;0.00;0.00;0.00;0.00;0.00;0.00;0.00;0.00;0.00;Matches
68;Marc Bernal;es ESP;MF;Barcelona;18-230;2007;7;1;127;1.4;0;1;1;0;0;0;1;0;0.0;0.0;0.6;0.6;1;7;3;0.00;0.71;0.71;0.00;0.71;0.01;0.41;0.43;0.01;0.43;Matches
69;Pedro Bigas;es ESP;DF;Elche;35-118;1990;15;15;1,216;13.5;0;2;2;0;0;0;2;0;0.5;0.5;0.8;1.4;15;67;12;0.00;0.15;0.15;0.00;0.15;0.04;0.06;0.10;0.04;0.10;Matches
70;Antonio Blanco;es ESP;MF;Alavés;25-172;2000;17;17;1,475;16.4;0;1;1;0;0;0;5;0;0.5;0.5;0.6;1.1;10;101;12;0.00;0.06;0.06;0.00;0.06;0.03;0.04;0.07;0.03;0.07;Matches
71;Daley Blind;nl NED;DF;Girona;35-308;1990;17;16;1,402;15.6;0;0;0;0;0;0;1;0;0.0;0.0;0.8;0.8;16;81;3;0.00;0.00;0.00;0.00;0.00;0.00;0.05;0.05;0.00;0.05;Matches
72;Adam Boayar;ma MAR;MF,FW;Elche;20-090;2005;4;0;51;0.6;0;0;0;0;0;0;0;0;0.0;0.0;0.0;0.1;2;4;5;0.00;0.00;0.00;0.00;0.00;0.03;0.06;0.09;0.03;0.09;Matches
73;Adama Boiro;es ESP;DF;Athletic Club;23-203;2002;6;4;363;4.0;0;0;0;0;0;0;1;0;0.0;0.0;0.1;0.1;9;25;13;0.00;0.00;0.00;0.00;0.00;0.00;0.03;0.03;0.00;0.03;Matches
74;Rahim Bonkano;ne NIG;DF;Oviedo;24-010;2002;18;14;1,324;14.7;0;0;0;0;0;0;1;0;0.0;0.0;0.8;0.8;29;43;76;0.00;0.00;0.00;0.00;0.00;0.00;0.05;0.05;0.00;0.05;Matches
75;Thiago Borbas;uy URU;FW;Oviedo;23-279;2002;1;0;15;0.2;0;0;0;0;0;0;1;0;0.0;0.0;0.0;0.0;0;0;0;0.00;0.00;0.00;0.00;0.00;0.00;0.00;0.00;0.00;0.00;Matches
76;Lucas Boyé;ar ARG;FW,MF;Alavés;29-317;1996;13;10;956;10.6;4;0;4;3;1;1;2;1;3.2;2.4;1.0;3.4;10;27;49;0.38;0.00;0.38;0.28;0.28;0.30;0.10;0.40;0.23;0.32;Matches
77;Enzo Boyomo;cm CMR;DF;Osasuna;24-096;2001;16;16;1,414;15.7;1;0;1;1;0;0;4;0;0.3;0.3;0.8;1.1;9;46;10;0.06;0.00;0.06;0.06;0.06;0.02;0.05;0.07;0.02;0.07;Matches
78;Josip Brekalo;hr CRO;FW;Oviedo;27-202;1998;13;6;477;5.3;0;0;0;0;0;0;1;0;0.3;0.3;1.7;1.9;17;30;39;0.00;0.00;0.00;0.00;0.00;0.05;0.32;0.36;0.05;0.36;Matches
79;Abel Bretones;es ESP;DF,MF;Osasuna;25-143;2000;16;15;1,35;15.0;1;0;1;1;0;0;5;1;0.6;0.6;0.4;1.0;22;32;41;0.07;0.00;0.07;0.07;0.07;0.04;0.03;0.07;0.04;0.07;Matches
80;Brugui;es ESP;MF,FW;Levante;29-068;1996;15;10;896;10.0;0;1;1;0;0;0;1;0;1.9;1.8;0.5;2.3;11;14;47;0.00;0.10;0.10;0.00;0.10;0.19;0.05;0.24;0.18;0.23;Matches
81;Tajon Buchanan;ca CAN;MF,DF;Villarreal;26-337;1999;17;11;1,053;11.7;5;0;5;5;0;0;5;0;1.2;1.2;1.3;2.5;34;27;82;0.43;0.00;0.43;0.43;0.43;0.10;0.11;0.21;0.10;0.21;Matches
82;Ante Budimir;hr CRO;FW;Osasuna;34-173;1991;18;16;1,389;15.4;6;0;6;3;3;4;0;0;7.6;4.5;0.5;5.0;9;13;51;0.39;0.00;0.39;0.19;0.19;0.49;0.03;0.53;0.29;0.32;Matches
83;Manu Bueno;es ESP;MF;Sevilla;21-168;2004;3;0;63;0.7;0;0;0;0;0;0;0;0;0.0;0.0;0.2;0.2;2;3;1;0.00;0.00;0.00;0.00;0.00;0.05;0.25;0.30;0.05;0.30;Matches
84;Jorge Cabello;es ESP;DF;Levante;21-261;2004;5;4;362;4.0;0;0;0;0;0;0;1;0;0.0;0.0;0.0;0.0;0;7;0;0.00;0.00;0.00;0.00;0.00;0.00;0.00;0.00;0.00;0.00;Matches
85;Leandro Cabrera;uy URU;DF;Espanyol;34-208;1991;17;17;1,53;17.0;2;0;2;2;0;0;1;0;1.4;1.4;0.6;2.0;1;47;5;0.12;0.00;0.12;0.12;0.12;0.08;0.03;0.12;0.08;0.12;Matches
86;Calebe;br BRA;MF,DF;Alavés;25-256;2000;13;10;540;6.0;0;0;0;0;0;0;2;0;0.1;0.1;0.5;0.6;19;20;43;0.00;0.00;0.00;0.00;0.00;0.02;0.08;0.11;0.02;0.11;Matches
87;Fernando Calero;es ESP;DF;Espanyol;30-119;1995;14;12;1,106;12.3;0;0;0;0;0;0;2;0;1.5;1.5;0.0;1.5;3;13;2;0.00;0.00;0.00;0.00;0.00;0.12;0.00;0.12;0.12;0.12;Matches
88;Duje ?aleta-Car;hr CRO;DF;Real Sociedad;29-116;1996;12;11;1,002;11.1;0;0;0;0;0;0;4;0;0.6;0.6;0.1;0.8;10;40;2;0.00;0.00;0.00;0.00;0.00;0.06;0.01;0.07;0.06;0.07;Matches
89;Dani Calvo;es ESP;DF;Oviedo;31-285;1994;9;7;705;7.8;0;0;0;0;0;0;3;0;0.0;0.0;0.0;0.0;1;15;1;0.00;0.00;0.00;0.00;0.00;0.00;0.00;0.00;0.00;0.00;Matches
90;Dawda Camara;mr MTN;FW;Girona;23-068;2002;2;1;72;0.8;0;0;0;0;0;0;0;0;0.1;0.1;0.2;0.3;0;2;1;0.00;0.00;0.00;0.00;0.00;0.15;0.23;0.39;0.15;0.39;Matches
91;Eduardo Camavinga;fr FRA;MF;Real Madrid;23-062;2002;13;5;602;6.7;1;0;1;1;0;0;0;0;1.0;1.0;0.9;1.9;13;40;18;0.15;0.00;0.15;0.15;0.15;0.15;0.14;0.29;0.15;0.29;Matches
92;Sergio Camello;es ESP;FW,MF;Rayo Vallecano;24-335;2001;12;4;439;4.9;0;0;0;0;0;0;2;1;1.0;1.0;0.1;1.1;1;8;21;0.00;0.00;0.00;0.00;0.00;0.20;0.02;0.22;0.20;0.22;Matches
93;Sergi Cardona;es ESP;DF;Villarreal;26-187;1999;15;10;957;10.6;0;3;3;0;0;0;2;0;0.7;0.7;1.4;2.0;21;29;60;0.00;0.28;0.28;0.00;0.28;0.06;0.13;0.19;0.06;0.19;Matches
94;Fábio Cardoso;pt POR;DF;Sevilla;31-267;1994;3;3;217;2.4;0;0;0;0;0;0;0;0;0.0;0.0;0.0;0.0;0;3;0;0.00;0.00;0.00;0.00;0.00;0.00;0.00;0.00;0.00;0.00;Matches
95;Johnny Cardoso;us USA;MF;Atlético Madrid;24-113;2001;5;4;227;2.5;0;0;0;0;0;0;2;0;0.0;0.0;0.2;0.2;5;13;3;0.00;0.00;0.00;0.00;0.00;0.01;0.07;0.08;0.01;0.08;Matches
96;David Carmo;ao ANG;DF;Oviedo;26-176;1999;14;12;1,092;12.1;1;0;1;1;0;0;7;1;0.9;0.9;0.1;0.9;7;45;2;0.08;0.00;0.08;0.08;0.08;0.07;0.01;0.08;0.07;0.08;Matches
97;Carmona;es ESP;DF;Sevilla;23-347;2002;16;15;1,358;15.1;1;3;4;1;0;0;8;0;0.4;0.4;1.2;1.6;29;45;54;0.07;0.20;0.27;0.07;0.27;0.02;0.08;0.11;0.02;0.11;Matches
98;Sergio Carreira;es ESP;MF,DF;Celta Vigo;25-090;2000;15;14;1,283;14.3;1;1;2;1;0;0;1;0;0.6;0.6;0.4;1.0;26;69;93;0.07;0.07;0.14;0.07;0.14;0.04;0.03;0.07;0.04;0.07;Matches
99;Gorka Carrera;es ESP;FW;Real Sociedad;20-241;2005;1;0;14;0.2;0;0;0;0;0;0;0;0;0.0;0.0;0.0;0.0;0;0;1;0.00;0.00;0.00;0.00;0.00;0.00;0.00;0.00;0.00;0.00;Matches
100;Álvaro Carreras;es ESP;DF;Real Madrid;22-294;2003;17;16;1,428;15.9;1;1;2;1;0;0;3;1;0.2;0.2;1.0;1.2;38;132;89;0.06;0.06;0.13;0.06;0.13;0.01;0.06;0.07;0.01;0.07;Matches
101;Dani Carvajal;es ESP;DF;Real Madrid;34-000;1992;7;4;376;4.2;0;0;0;0;0;0;0;0;0.2;0.2;0.5;0.7;3;18;20;0.00;0.00;0.00;0.00;0.00;0.04;0.12;0.16;0.04;0.16;Matches
102;Marc Casado;es ESP;MF;Barcelona;22-119;2003;13;6;549;6.1;0;1;1;0;0;0;0;0;0.3;0.3;0.2;0.5;7;27;9;0.00;0.16;0.16;0.00;0.16;0.05;0.03;0.08;0.05;0.08;Matches
103;Castrin;es ESP;DF;Sevilla;23-010;2003;8;7;603;6.7;0;0;0;0;0;0;3;0;0.2;0.2;0.0;0.3;2;21;1;0.00;0.00;0.00;0.00;0.00;0.03;0.01;0.04;0.03;0.04;Matches
104;Jonny Castro;es ESP;DF;Alavés;31-314;1994;19;19;1,658;18.4;0;0;0;0;0;0;4;0;0.3;0.3;0.9;1.3;23;75;35;0.00;0.00;0.00;0.00;0.00;0.02;0.05;0.07;0.02;0.07;Matches
105;Catena;es ESP;DF;Osasuna;31-075;1994;18;18;1,62;18.0;2;1;3;2;0;0;7;0;1.6;1.6;0.3;2.0;3;43;9;0.11;0.06;0.17;0.11;0.17;0.09;0.02;0.11;0.09;0.11;Matches
106;Santi Cazorla;es ESP;MF,FW;Oviedo;41-029;1984;11;4;432;4.8;0;0;0;0;0;0;0;1;0.2;0.2;0.9;1.1;4;33;16;0.00;0.00;0.00;0.00;0.00;0.04;0.19;0.23;0.04;0.23;Matches
107;Dani Ceballos;es ESP;MF;Real Madrid;29-157;1996;11;4;367;4.1;0;0;0;0;0;0;0;0;0.0;0.0;0.3;0.4;6;40;10;0.00;0.00;0.00;0.00;0.00;0.01;0.08;0.09;0.01;0.09;Matches
108;Ilyas Chaira;ma MAR;FW,MF;Oviedo;24-343;2001;17;14;1,036;11.5;1;1;2;1;0;0;0;1;2.2;2.2;1.0;3.2;46;41;79;0.09;0.09;0.17;0.09;0.17;0.19;0.09;0.28;0.19;0.28;Matches
109;Pep Chavarría;es ESP;DF;Rayo Vallecano;27-276;1998;18;17;1,552;17.2;1;2;3;1;0;0;4;0;0.4;0.4;1.7;2.1;67;90;92;0.06;0.12;0.17;0.06;0.17;0.02;0.10;0.12;0.02;0.12;Matches
110;Andreas Christensen;dk DEN;DF;Barcelona;29-276;1996;12;3;380;4.2;0;0;0;0;0;0;1;0;0.1;0.1;0.0;0.1;3;16;0;0.00;0.00;0.00;0.00;0.00;0.02;0.00;0.02;0.02;0.02;Matches
111;Víctor Chust;es ESP;DF;Elche;25-312;2000;14;11;1,046;11.6;0;0;0;0;0;0;6;1;0.3;0.3;0.1;0.3;16;51;1;0.00;0.00;0.00;0.00;0.00;0.02;0.00;0.03;0.02;0.03;Matches
112;Pathé Ciss;sn SEN;MF,DF;Rayo Vallecano;31-301;1994;14;10;962;10.7;0;0;0;0;0;0;3;1;1.3;1.3;0.2;1.5;15;74;7;0.00;0.00;0.00;0.00;0.00;0.12;0.02;0.14;0.12;0.14;Matches
113;Santiago Colombatto;ar ARG;MF;Oviedo;28-359;1997;15;13;1,15;12.8;0;1;1;0;0;0;4;0;0.5;0.5;1.5;2.0;8;62;34;0.00;0.08;0.08;0.00;0.08;0.04;0.12;0.16;0.04;0.16;Matches
114;Eray Cömert;ch SUI;DF;Valencia;27-341;1998;3;1;117;1.3;0;0;0;0;0;0;0;0;0.0;0.0;0.0;0.0;1;3;1;0.00;0.00;0.00;0.00;0.00;0.00;0.00;0.00;0.00;0.00;Matches
115;Santi Comesaña;es ESP;MF;Villarreal;29-098;1996;17;15;1,243;13.8;2;2;4;2;0;0;3;0;2.9;2.9;1.2;4.1;15;69;44;0.14;0.14;0.29;0.14;0.29;0.21;0.08;0.29;0.21;0.29;Matches
116;Copete;es ESP;DF;Valencia;26-093;1999;16;14;1,319;14.7;0;0;0;0;0;0;4;0;1.4;1.4;0.2;1.7;6;54;3;0.00;0.00;0.00;0.00;0.00;0.10;0.02;0.11;0.10;0.11;Matches
117;Thierry Correia;pt POR;DF;Valencia;26-308;1999;14;12;934;10.4;0;1;1;0;0;0;3;0;0.3;0.3;0.7;1.0;14;41;66;0.00;0.10;0.10;0.00;0.10;0.03;0.07;0.10;0.03;0.10;Matches
118;Coba da Costa;es ESP;MF,FW;Getafe;23-169;2002;13;2;342;3.8;0;0;0;0;0;0;1;0;0.3;0.3;0.1;0.4;10;12;35;0.00;0.00;0.00;0.00;0.00;0.08;0.03;0.11;0.08;0.11;Matches
119;Samu Costa;pt POR;MF;Mallorca;25-045;2000;15;12;1,104;12.3;3;0;3;3;0;0;7;0;0.7;0.7;0.9;1.6;7;42;27;0.24;0.00;0.24;0.24;0.24;0.06;0.07;0.13;0.06;0.13;Matches
120;David Costas;es ESP;DF;Oviedo;30-291;1995;14;13;1,16;12.9;0;0;0;0;0;0;0;0;0.4;0.4;0.2;0.6;4;32;1;0.00;0.00;0.00;0.00;0.00;0.03;0.01;0.05;0.03;0.05;Matches
121;Thibaut Courtois;be BEL;GK;Real Madrid;33-245;1992;19;19;1,71;19.0;0;0;0;0;0;0;0;0;0.0;0.0;0.2;0.2;0;2;0;0.00;0.00;0.00;0.00;0.00;0.00;0.01;0.01;0.00;0.01;Matches
122;Juan Cruz Armada;es ESP;DF;Osasuna;33-167;1992;12;7;580;6.4;0;0;0;0;0;0;0;0;0.4;0.4;0.1;0.5;3;14;4;0.00;0.00;0.00;0.00;0.00;0.06;0.01;0.07;0.06;0.07;Matches
123;Pau Cubarsí;es ESP;DF;Barcelona;18-354;2007;15;15;1,297;14.4;0;0;0;0;0;0;1;0;0.3;0.3;0.4;0.7;17;77;1;0.00;0.00;0.00;0.00;0.00;0.02;0.03;0.05;0.02;0.05;Matches
124;Cucho;co COL;FW;Betis;26-266;1999;19;19;1,645;18.3;8;3;11;7;1;1;2;0;7.5;6.7;3.8;10.5;29;48;117;0.44;0.16;0.60;0.38;0.55;0.41;0.21;0.62;0.37;0.58;Matches
125;Pablo Cuñat;es ESP;GK;Levante;23-258;2002;2;2;180;2.0;0;0;0;0;0;0;0;0;0.0;0.0;0.0;0.0;0;0;0;0.00;0.00;0.00;0.00;0.00;0.00;0.00;0.00;0.00;0.00;Matches
126;Arnaut Danjuma;nl NED;FW,MF;Valencia;28-345;1997;18;13;1,122;12.5;3;1;4;3;0;1;0;0;3.7;2.9;1.2;4.1;48;19;82;0.24;0.08;0.32;0.24;0.32;0.30;0.10;0.40;0.23;0.33;Matches
127;Sergi Darder;es ESP;MF,FW;Mallorca;32-020;1993;18;15;1,286;14.3;0;1;1;0;0;0;3;0;1.2;1.2;2.2;3.5;31;74;48;0.00;0.07;0.07;0.00;0.07;0.09;0.16;0.24;0.09;0.24;Matches
128;Davinchi;es ESP;DF;Getafe;18-087;2007;7;4;429;4.8;0;0;0;0;0;0;1;0;0.2;0.2;0.0;0.2;3;11;12;0.00;0.00;0.00;0.00;0.00;0.04;0.01;0.05;0.04;0.05;Matches
129;Leander Dendoncker;be BEL;MF;Oviedo;30-271;1995;16;15;1,291;14.3;1;0;1;1;0;0;2;0;0.8;0.8;0.4;1.2;15;46;19;0.07;0.00;0.07;0.07;0.07;0.06;0.03;0.09;0.06;0.09;Matches
130;Nelson Deossa;co COL;MF;Betis;25-339;2000;10;5;407;4.5;0;0;0;0;0;0;2;0;0.3;0.3;0.2;0.5;12;19;8;0.00;0.00;0.00;0.00;0.00;0.06;0.05;0.11;0.06;0.11;Matches
131;Bambo Diaby;sn SEN;DF;Elche;28-025;1997;3;1;79;0.9;0;0;0;0;0;0;0;0;0.0;0.0;0.0;0.0;0;2;0;0.00;0.00;0.00;0.00;0.00;0.00;0.00;0.00;0.00;0.00;Matches
132;Mouctar Diakhaby;gn GUI;DF;Valencia;29-023;1996;8;7;543;6.0;1;0;1;1;0;0;3;0;0.5;0.5;0.0;0.6;2;18;4;0.17;0.00;0.17;0.17;0.17;0.09;0.01;0.10;0.09;0.10;Matches
133;Grady Diangana;cd COD;MF,FW;Elche;27-267;1998;9;5;334;3.7;1;0;1;1;0;0;1;0;0.3;0.3;0.1;0.5;6;9;18;0.27;0.00;0.27;0.27;0.27;0.09;0.03;0.12;0.09;0.12;Matches
134;Moussa Diarra;ml MLI;DF;Alavés;25-062;2000;3;3;216;2.4;0;0;0;0;0;0;1;0;0.0;0.0;0.0;0.0;3;1;5;0.00;0.00;0.00;0.00;0.00;0.00;0.01;0.01;0.00;0.01;Matches
135;Brahim Díaz;ma MAR;FW,MF;Real Madrid;26-161;1999;12;3;319;3.5;0;2;2;0;0;0;1;0;0.3;0.3;1.7;1.9;13;9;33;0.00;0.56;0.56;0.00;0.56;0.08;0.47;0.55;0.08;0.55;Matches
136;Pedro Díaz;es ESP;MF,FW;Rayo Vallecano;27-220;1998;15;10;836;9.3;0;0;0;0;0;0;0;0;0.7;0.7;0.6;1.2;10;30;37;0.00;0.00;0.00;0.00;0.00;0.07;0.06;0.13;0.07;0.13;Matches
137;Stole Dimitrievski;mk MKD;GK;Valencia;32-017;1993;1;1;90;1.0;0;0;0;0;0;0;0;0;0.0;0.0;0.0;0.0;0;0;0;0.00;0.00;0.00;0.00;0.00;0.00;0.00;0.00;0.00;0.00;Matches
138;Matías Dituro;ar ARG;GK;Elche;38-248;1987;7;7;630;7.0;0;0;0;0;0;0;1;0;0.0;0.0;0.0;0.0;0;0;0;0.00;0.00;0.00;0.00;0.00;0.00;0.00;0.00;0.00;0.00;Matches
139;Djené;tg TOG;DF,MF;Getafe;34-011;1991;18;16;1,314;14.6;0;0;0;0;0;0;5;0;0.1;0.1;0.0;0.2;6;28;2;0.00;0.00;0.00;0.00;0.00;0.01;0.00;0.01;0.01;0.01;Matches
140;Marko Dmitrovi?;rs SRB;GK;Espanyol;33-352;1992;18;18;1,62;18.0;0;0;0;0;0;0;0;0;0.0;0.0;0.0;0.0;0;2;0;0.00;0.00;0.00;0.00;0.00;0.00;0.00;0.00;0.00;0.00;Matches
141;Tyrhys Dolan;eng ENG;FW,MF;Espanyol;24-014;2001;17;14;1,225;13.6;0;3;3;0;0;0;3;1;1.4;1.4;2.5;3.9;54;30;96;0.00;0.22;0.22;0.00;0.22;0.10;0.18;0.29;0.10;0.29;Matches
142;Marc Domenech;es ESP;FW,MF;Mallorca;20-010;2006;7;2;214;2.4;0;1;1;0;0;0;0;0;0.1;0.1;0.4;0.5;1;4;17;0.00;0.42;0.42;0.00;0.42;0.05;0.16;0.21;0.05;0.21;Matches
143;Carlos Dominguez;es ESP;DF;Celta Vigo;24-334;2001;6;4;436;4.8;0;0;0;0;0;0;1;0;0.0;0.0;0.1;0.1;2;10;0;0.00;0.00;0.00;0.00;0.00;0.01;0.01;0.02;0.01;0.02;Matches
144;John Donald;es ESP;DF,MF;Elche;25-134;2000;11;3;303;3.4;1;0;1;1;0;0;1;0;0.4;0.4;0.0;0.4;2;9;6;0.30;0.00;0.30;0.30;0.30;0.10;0.00;0.10;0.10;0.10;Matches
145;Domingos Duarte;pt POR;DF;Getafe;30-307;1995;16;16;1,354;15.0;0;0;0;0;0;0;4;0;0.6;0.6;0.0;0.6;1;30;1;0.00;0.00;0.00;0.00;0.00;0.04;0.00;0.04;0.04;0.04;Matches
146;Pablo Durán;es ESP;FW,MF;Celta Vigo;24-231;2001;14;8;699;7.8;2;1;3;2;0;0;0;0;2.2;2.2;0.9;3.1;5;14;49;0.26;0.13;0.39;0.26;0.39;0.28;0.12;0.40;0.28;0.40;Matches
147;Hugo Duro;es ESP;FW;Valencia;26-062;1999;18;11;1,083;12.0;6;0;6;6;0;0;4;0;4.3;4.3;0.5;4.8;4;14;49;0.50;0.00;0.50;0.50;0.50;0.36;0.04;0.40;0.36;0.40;Matches
148;Ovie Ejaria;eng ENG;MF;Oviedo;28-054;1997;7;2;180;2.0;0;0;0;0;0;0;1;0;0.1;0.1;0.1;0.2;7;11;6;0.00;0.00;0.00;0.00;0.00;0.07;0.04;0.11;0.07;0.11;Matches
149;Chidera Ejuke;ng NGA;FW,MF;Sevilla;28-009;1998;12;4;390;4.3;1;1;2;1;0;0;0;0;1.0;1.0;1.1;2.1;16;19;44;0.23;0.23;0.46;0.23;0.46;0.22;0.25;0.47;0.22;0.47;Matches
150;Unai Elgezabal;es ESP;DF,MF;Levante;32-261;1993;11;11;932;10.4;0;0;0;0;0;0;2;0;0.6;0.6;0.2;0.8;1;13;1;0.00;0.00;0.00;0.00;0.00;0.06;0.02;0.08;0.06;0.08;Matches
151;Aritz Elustondo;es ESP;DF;Real Sociedad;31-289;1994;8;4;337;3.7;0;0;0;0;0;0;0;0;0.2;0.2;0.0;0.2;2;10;2;0.00;0.00;0.00;0.00;0.00;0.04;0.00;0.04;0.04;0.04;Matches
152;Endrick;br BRA;FW;Real Madrid;19-174;2006;1;0;12;0.1;0;0;0;0;0;0;0;0;0.0;0.0;0.0;0.0;1;0;0;0.00;0.00;0.00;0.00;0.00;0.00;0.00;0.00;0.00;0.00;Matches
153;Aarón Escandell;es ESP;GK;Oviedo;30-106;1995;19;19;1,71;19.0;0;0;0;0;0;0;1;0;0.0;0.0;0.0;0.0;0;0;0;0.00;0.00;0.00;0.00;0.00;0.00;0.00;0.00;0.00;0.00;Matches
154;Carlos Espí;es ESP;FW;Levante;20-171;2005;6;0;123;1.4;1;0;1;1;0;0;0;0;0.3;0.3;0.0;0.3;0;1;3;0.73;0.00;0.73;0.73;0.73;0.19;0.00;0.19;0.19;0.19;Matches
155;Alfonso Espino;uy URU;FW,DF;Rayo Vallecano;34-006;1992;12;3;372;4.1;1;0;1;1;0;0;0;0;1.0;1.0;0.5;1.5;5;9;38;0.24;0.00;0.24;0.24;0.24;0.23;0.13;0.36;0.23;0.36;Matches
156;Marco Esteban;es ESP;DF;Oviedo;20-010;2006;1;0;45;0.5;0;0;0;0;0;0;0;0;0.0;0.0;0.0;0.0;0;0;0;0.00;0.00;0.00;0.00;0.00;0.00;0.00;0.00;0.00;0.00;Matches
157;Karl Etta Eyong;cm CMR;FW;Villarreal;22-089;2003;3;3;256;2.8;1;2;3;1;0;0;0;0;0.9;0.9;0.7;1.7;3;4;10;0.35;0.70;1.05;0.35;1.05;0.33;0.26;0.59;0.33;0.59;Matches
158;Karl Etta Eyong;cm CMR;FW;Levante;22-089;2003;12;12;959;10.7;5;1;6;5;0;1;2;0;5.4;4.7;1.5;6.2;6;10;47;0.47;0.09;0.56;0.47;0.56;0.51;0.14;0.65;0.44;0.58;Matches
159;Edu Expósito;es ESP;MF;Espanyol;29-163;1996;17;15;1,182;13.1;0;5;5;0;0;0;3;0;0.9;0.9;3.9;4.8;28;93;46;0.00;0.38;0.38;0.00;0.38;0.07;0.30;0.36;0.07;0.36;Matches
160;Abde Ezzalzouli;ma MAR;FW;Betis;24-025;2001;11;9;780;8.7;3;3;6;3;0;0;1;0;3.6;3.6;3.0;6.5;45;22;90;0.35;0.35;0.69;0.35;0.69;0.41;0.34;0.75;0.41;0.75;Matches
161;Omar Falah;es ESP;DF,MF;Oviedo;22-124;2003;1;0;14;0.2;0;0;0;0;0;0;0;0;0.0;0.0;0.0;0.0;0;0;3;0.00;0.00;0.00;0.00;0.00;0.00;0.00;0.00;0.00;0.00;Matches
162;Aleix Febas;es ESP;MF;Elche;29-343;1996;19;19;1,702;18.9;1;1;2;1;0;0;4;0;1.4;1.4;0.8;2.2;63;136;68;0.05;0.05;0.11;0.05;0.11;0.08;0.04;0.12;0.08;0.12;Matches
163;Luiz Felipe;it ITA;DF;Rayo Vallecano;28-295;1997;7;5;282;3.1;0;0;0;0;0;0;1;0;0.4;0.4;0.0;0.4;2;6;0;0.00;0.00;0.00;0.00;0.00;0.12;0.00;0.12;0.12;0.12;Matches
164;Kiko Femenía;es ESP;DF,FW;Getafe;34-343;1991;15;13;1,043;11.6;0;1;1;0;0;0;2;0;0.1;0.1;0.6;0.7;16;42;34;0.00;0.09;0.09;0.00;0.09;0.01;0.06;0.06;0.01;0.06;Matches
165;Manu Fernández;es ESP;DF;Celta Vigo;24-263;2001;10;8;642;7.1;0;0;0;0;0;0;2;0;0.0;0.0;0.0;0.0;5;27;0;0.00;0.00;0.00;0.00;0.00;0.01;0.00;0.01;0.01;0.01;Matches
166;Pedro Fernandez;es ESP;FW,MF;Barcelona;17-364;2008;4;1;92;1.0;0;0;0;0;0;0;0;0;0.0;0.0;0.1;0.1;0;5;6;0.00;0.00;0.00;0.00;0.00;0.00;0.06;0.06;0.00;0.06;Matches
167;Pelayo Fernandez;es ESP;DF;Rayo Vallecano;22-257;2003;1;0;45;0.5;0;0;0;0;0;0;0;0;0.0;0.0;0.0;0.0;0;1;0;0.00;0.00;0.00;0.00;0.00;0.07;0.00;0.07;0.07;0.07;Matches
168;Roberto Férnandez;es ESP;FW;Espanyol;23-192;2002;18;14;1,287;14.3;4;2;6;3;1;1;1;0;5.1;4.3;3.0;7.3;13;15;55;0.28;0.14;0.42;0.21;0.35;0.36;0.21;0.57;0.30;0.51;Matches
169;Toni Fernández;es ESP;FW;Barcelona;17-180;2008;1;1;45;0.5;0;0;0;0;0;0;0;0;0.0;0.0;0.1;0.1;0;0;2;0.00;0.00;0.00;0.00;0.00;0.00;0.15;0.15;0.00;0.15;Matches
170;Junior Firpo;do DOM;DF;Betis;29-142;1996;8;6;539;6.0;0;1;1;0;0;0;2;0;0.4;0.4;0.6;1.0;7;25;30;0.00;0.17;0.17;0.00;0.17;0.07;0.10;0.17;0.07;0.17;Matches
171;Nicolas Fonseca;uy URU;MF;Oviedo;27-084;1998;2;0;51;0.6;0;0;0;0;0;0;1;0;0.0;0.0;0.0;0.0;0;2;1;0.00;0.00;0.00;0.00;0.00;0.03;0.02;0.06;0.03;0.06;Matches
172;Álex Forés;es ESP;FW;Oviedo;24-274;2001;12;2;274;3.0;0;1;1;0;0;0;0;0;1.0;1.0;0.0;1.1;4;0;13;0.00;0.33;0.33;0.00;0.33;0.33;0.01;0.35;0.33;0.35;Matches
173;Pablo Fornals;es ESP;MF;Betis;29-323;1996;19;19;1,569;17.4;4;4;8;4;0;0;1;0;2.4;2.4;3.3;5.7;30;135;87;0.23;0.23;0.46;0.23;0.46;0.14;0.19;0.33;0.14;0.33;Matches
174;Héctor Fort;es ESP;DF;Elche;19-162;2006;9;5;327;3.6;1;2;3;1;0;0;0;0;0.5;0.5;0.4;0.9;18;10;30;0.28;0.55;0.83;0.28;0.83;0.15;0.11;0.25;0.15;0.25;Matches
175;Dimitri Foulquier;fr FRA;DF;Valencia;32-294;1993;12;9;880;9.8;0;0;0;0;0;0;0;0;0.5;0.5;0.2;0.7;7;30;19;0.00;0.00;0.00;0.00;0.00;0.05;0.03;0.08;0.05;0.08;Matches
176;Juan Foyth;ar ARG;DF;Villarreal;27-364;1998;11;10;821;9.1;0;0;0;0;0;0;1;0;0.1;0.1;0.0;0.1;2;33;0;0.00;0.00;0.00;0.00;0.00;0.01;0.00;0.01;0.01;0.01;Matches
177;Alejandro Francés;es ESP;DF;Girona;23-163;2002;10;5;441;4.9;0;0;0;0;0;0;1;1;0.1;0.1;0.6;0.7;8;16;6;0.00;0.00;0.00;0.00;0.00;0.01;0.11;0.12;0.01;0.12;Matches
178;Jorge de Frutos;es ESP;FW,MF;Rayo Vallecano;28-325;1997;16;16;1,169;13.0;5;1;6;5;0;0;1;0;3.9;3.9;1.9;5.8;34;21;85;0.38;0.08;0.46;0.38;0.46;0.30;0.14;0.44;0.30;0.44;Matches
179;Javi Galán;es ESP;DF;Osasuna;31-053;1994;2;2;164;1.8;0;0;0;0;0;0;1;0;0.0;0.0;0.4;0.4;4;6;3;0.00;0.00;0.00;0.00;0.00;0.00;0.21;0.21;0.00;0.21;Matches
180;Javi Galán;es ESP;DF;Atlético Madrid;31-053;1994;5;1;134;1.5;0;0;0;0;0;0;0;0;0.0;0.0;0.1;0.1;5;1;9;0.00;0.00;0.00;0.00;0.00;0.00;0.05;0.05;0.00;0.05;Matches
181;Iñigo Ruiz de Galarreta;es ESP;MF;Athletic Club;32-158;1993;17;16;1,092;12.1;0;0;0;0;0;0;8;0;0.3;0.3;1.0;1.2;10;95;17;0.00;0.00;0.00;0.00;0.00;0.02;0.08;0.10;0.02;0.10;Matches
182;Conor Gallagher;eng ENG;MF;Atlético Madrid;25-339;2000;19;4;679;7.5;2;0;2;2;0;0;2;0;1.1;1.1;0.5;1.6;19;26;34;0.27;0.00;0.27;0.27;0.27;0.15;0.06;0.21;0.15;0.21;Matches
183;Facundo Garcés;my MAS;DF;Alavés;26-128;1999;6;6;540;6.0;0;0;0;0;0;0;2;0;0.1;0.1;0.0;0.1;0;4;1;0.00;0.00;0.00;0.00;0.00;0.02;0.00;0.02;0.02;0.02;Matches
184;Álvaro García;es ESP;FW,MF;Rayo Vallecano;33-076;1992;18;14;1,244;13.8;3;1;4;3;0;0;2;0;5.1;5.1;2.9;7.9;19;22;116;0.22;0.07;0.29;0.22;0.29;0.37;0.21;0.57;0.37;0.57;Matches
185;Eric García;es ESP;DF,MF;Barcelona;25-002;2001;19;17;1,468;16.3;1;0;1;1;0;0;1;0;2.4;2.4;1.3;3.7;16;111;30;0.06;0.00;0.06;0.06;0.06;0.15;0.08;0.23;0.15;0.23;Matches
186;Fran Garcia;es ESP;DF;Real Madrid;26-150;1999;7;5;414;4.6;1;0;1;1;0;0;2;1;0.7;0.7;0.1;0.8;11;11;52;0.22;0.00;0.22;0.22;0.22;0.15;0.01;0.17;0.15;0.17;Matches
187;Gonzalo García;es ESP;FW,MF;Real Madrid;21-293;2004;14;2;265;2.9;3;0;3;3;0;0;0;0;2.5;2.5;0.3;2.8;1;5;13;1.02;0.00;1.02;1.02;1.02;0.85;0.10;0.94;0.85;0.94;Matches
188;Joan García;es ESP;GK;Barcelona;24-252;2001;13;13;1,17;13.0;0;0;0;0;0;0;1;0;0.0;0.0;0.0;0.0;0;0;0;0.00;0.00;0.00;0.00;0.00;0.00;0.00;0.00;0.00;0.00;Matches
189;Pablo Garcia;es ESP;FW;Betis;19-212;2006;11;2;298;3.3;0;0;0;0;0;0;1;0;1.1;1.1;0.1;1.1;12;7;29;0.00;0.00;0.00;0.00;0.00;0.32;0.02;0.34;0.32;0.34;Matches
190;Rubén García;es ESP;FW,MF;Osasuna;32-181;1993;17;11;942;10.5;2;4;6;2;0;0;1;0;0.9;0.9;2.2;3.1;10;30;47;0.19;0.38;0.57;0.19;0.57;0.09;0.21;0.30;0.09;0.30;Matches
191;Víctor García;es ESP;DF,MF;Levante;28-117;1997;10;4;351;3.9;0;0;0;0;0;0;0;0;0.2;0.2;0.3;0.4;11;7;19;0.00;0.00;0.00;0.00;0.00;0.04;0.07;0.11;0.04;0.11;Matches
192;Gavi;es ESP;MF,DF;Barcelona;21-159;2004;2;0;67;0.7;0;1;1;0;0;0;0;0;0.0;0.0;0.2;0.2;1;11;3;0.00;1.34;1.34;0.00;1.34;0.00;0.23;0.23;0.00;0.23;Matches
193;Paulo Gazzaniga;ar ARG;GK;Girona;34-009;1992;18;18;1,572;17.5;0;0;0;0;0;0;2;1;0.0;0.0;0.0;0.0;0;0;0;0.00;0.00;0.00;0.00;0.00;0.00;0.00;0.00;0.00;0.00;Matches
194;Mourad El Ghezouani;ma MAR;FW;Elche;27-229;1998;2;0;50;0.6;0;0;0;0;0;0;0;0;0.1;0.1;0.0;0.1;0;1;4;0.00;0.00;0.00;0.00;0.00;0.12;0.04;0.15;0.12;0.15;Matches
195;Bryan Gil;es ESP;FW,MF;Girona;24-334;2001;16;10;852;9.5;0;3;3;0;0;0;4;0;1.8;1.8;1.3;3.1;40;23;81;0.00;0.32;0.32;0.00;0.32;0.19;0.14;0.33;0.19;0.33;Matches
196;Moi Gómez;es ESP;MF;Osasuna;31-202;1994;15;9;845;9.4;0;0;0;0;0;0;1;0;0.2;0.2;0.7;0.9;12;81;20;0.00;0.00;0.00;0.00;0.00;0.02;0.08;0.10;0.02;0.10;Matches
197;Sergio Gómez;es ESP;DF;Real Sociedad;25-129;2000;19;15;1,364;15.2;0;0;0;0;0;0;1;0;0.8;0.8;2.4;3.1;18;76;71;0.00;0.00;0.00;0.00;0.00;0.05;0.16;0.21;0.05;0.21;Matches
198;Unai Gómez;es ESP;FW,MF;Athletic Club;22-231;2003;11;2;316;3.5;0;0;0;0;0;0;0;0;0.5;0.5;0.2;0.7;4;7;18;0.00;0.00;0.00;0.00;0.00;0.15;0.06;0.21;0.15;0.21;Matches
199;Valentín Gómez;ar ARG;DF;Betis;22-199;2003;14;9;924;10.3;1;0;1;1;0;0;3;0;0.7;0.7;0.4;1.1;8;29;22;0.10;0.00;0.10;0.10;0.10;0.07;0.04;0.10;0.07;0.10;Matches
200;Nicolás González;ar ARG;MF,DF;Atlético Madrid;27-280;1998;15;13;931;10.3;1;0;1;1;0;0;2;0;2.1;2.1;1.3;3.4;22;27;72;0.10;0.00;0.10;0.10;0.10;0.20;0.13;0.33;0.20;0.33;Matches
201;Urko González;es ESP;MF;Espanyol;24-297;2001;16;10;982;10.9;0;1;1;0;0;0;3;0;0.2;0.2;0.1;0.4;5;34;7;0.00;0.09;0.09;0.00;0.09;0.02;0.01;0.03;0.02;0.03;Matches
202;Urko González;es ESP;MF;Real Sociedad;24-297;2001;1;0;11;0.1;0;0;0;0;0;0;0;0;0.0;0.0;0.0;0.0;0;1;0;0.00;0.00;0.00;0.00;0.00;0.00;0.00;0.00;0.00;0.00;Matches
203;Andoni Gorosabel;es ESP;DF;Athletic Club;29-160;1996;9;6;483;5.4;0;1;1;0;0;0;2;0;0.2;0.2;0.3;0.5;10;27;39;0.00;0.19;0.19;0.00;0.19;0.04;0.05;0.09;0.04;0.09;Matches
204;Jon Gorrotxategi;es ESP;MF;Real Sociedad;23-343;2002;17;15;1,339;14.9;1;1;2;1;0;0;6;0;0.6;0.6;0.5;1.1;14;61;12;0.07;0.07;0.13;0.07;0.13;0.04;0.03;0.07;0.04;0.07;Matches
205;Mikel Goti;es ESP;MF;Real Sociedad;23-233;2002;4;1;76;0.8;0;0;0;0;0;0;0;0;0.3;0.3;0.0;0.3;2;6;7;0.00;0.00;0.00;0.00;0.00;0.41;0.00;0.41;0.41;0.41;Matches
206;Antoine Griezmann;fr FRA;FW,MF;Atlético Madrid;34-296;1991;19;5;702;7.8;6;0;6;6;0;0;0;0;4.8;4.8;0.9;5.7;10;39;60;0.77;0.00;0.77;0.77;0.77;0.62;0.12;0.74;0.62;0.74;Matches
207;Nemanja Gudelj;rs SRB;MF,DF;Sevilla;34-056;1991;15;10;978;10.9;1;0;1;1;0;0;4;0;0.5;0.5;0.1;0.6;4;27;2;0.09;0.00;0.09;0.09;0.09;0.05;0.01;0.06;0.05;0.06;Matches
208;Gonçalo Guedes;pt POR;MF,FW;Real Sociedad;29-043;1996;19;13;970;10.8;4;1;5;4;0;0;1;0;2.1;2.1;1.1;3.2;27;32;102;0.37;0.09;0.46;0.37;0.46;0.20;0.10;0.30;0.20;0.30;Matches
209;Javier Guerra;es ESP;MF;Valencia;23-010;2003;19;13;1,025;11.4;0;2;2;0;0;0;2;0;1.1;1.1;1.6;2.7;23;62;26;0.00;0.18;0.18;0.00;0.18;0.10;0.14;0.23;0.10;0.23;Matches
210;Daniel Guerrero;es ESP;MF;Betis;20-169;2005;1;0;1;0.0;0;0;0;0;0;0;0;0;0.0;0.0;0.0;0.0;0;0;1;0.00;0.00;0.00;0.00;0.00;0.00;0.00;0.00;0.00;0.00;Matches
211;Ander Guevara;es ESP;MF;Alavés;28-188;1997;12;2;387;4.3;1;0;1;1;0;0;2;0;0.1;0.1;0.1;0.2;3;23;5;0.23;0.00;0.23;0.23;0.23;0.03;0.01;0.05;0.03;0.05;Matches
212;Pape Gueye;sn SEN;MF;Villarreal;26-352;1999;13;9;776;8.6;2;1;3;2;0;0;5;0;1.0;1.0;1.0;1.9;12;65;18;0.23;0.12;0.35;0.23;0.35;0.11;0.11;0.22;0.11;0.22;Matches
213;Arda Güler;tr TUR;MF;Real Madrid;20-320;2005;19;15;1,152;12.8;3;6;9;3;0;0;1;0;3.6;3.6;5.4;9.0;24;91;54;0.23;0.47;0.70;0.23;0.70;0.28;0.42;0.70;0.28;0.70;Matches
214;Gerard Gumbau;es ESP;MF;Rayo Vallecano;31-024;1994;12;2;261;2.9;0;1;1;0;0;0;1;0;0.2;0.2;0.2;0.4;6;13;7;0.00;0.34;0.34;0.00;0.34;0.07;0.09;0.15;0.07;0.15;Matches
215;Jon Guridi;es ESP;MF,FW;Alavés;30-317;1995;12;6;468;5.2;0;0;0;0;0;0;0;0;0.9;0.9;0.0;0.9;10;25;23;0.00;0.00;0.00;0.00;0.00;0.17;0.00;0.18;0.17;0.18;Matches
216;Gorka Guruzeta;es ESP;FW;Athletic Club;29-121;1996;17;13;1,068;11.9;2;0;2;2;0;0;1;0;4.8;4.8;0.8;5.7;4;19;67;0.17;0.00;0.17;0.17;0.17;0.41;0.07;0.48;0.41;0.48;Matches
217;Dávid Hancko;sk SVK;DF;Atlético Madrid;28-029;1997;19;17;1,532;17.0;0;2;2;0;0;0;0;0;0.6;0.6;1.8;2.4;31;101;50;0.00;0.12;0.12;0.00;0.12;0.04;0.11;0.14;0.04;0.14;Matches
218;Haissem Hassan;fr FRA;FW,MF;Oviedo;23-337;2002;18;10;1,019;11.3;0;1;1;0;0;0;1;0;1.1;1.1;1.3;2.4;75;31;64;0.00;0.09;0.09;0.00;0.09;0.10;0.11;0.22;0.10;0.22;Matches
219;Jorge Herrando;es ESP;DF;Osasuna;24-317;2001;15;8;763;8.5;0;0;0;0;0;0;1;0;0.3;0.3;0.0;0.3;1;17;2;0.00;0.00;0.00;0.00;0.00;0.03;0.00;0.03;0.03;0.03;Matches
220;Sergio Herrera;es ESP;GK;Osasuna;32-220;1993;19;19;1,71;19.0;0;0;0;0;0;0;2;0;0.0;0.0;0.0;0.0;0;4;0;0.00;0.00;0.00;0.00;0.00;0.00;0.00;0.00;0.00;0.00;Matches
221;Yangel Herrera;ve VEN;MF;Girona;27-362;1998;2;2;110;1.2;0;0;0;0;0;0;0;0;0.0;0.0;0.0;0.0;2;2;3;0.00;0.00;0.00;0.00;0.00;0.03;0.00;0.03;0.03;0.03;Matches
222;Yangel Herrera;ve VEN;MF;Real Sociedad;27-362;1998;2;2;88;1.0;0;0;0;0;0;0;1;0;0.3;0.3;0.0;0.3;3;2;2;0.00;0.00;0.00;0.00;0.00;0.26;0.00;0.26;0.26;0.26;Matches
223;Omar El Hilali;ma MAR;DF;Espanyol;22-121;2003;18;15;1,345;14.9;0;2;2;0;0;0;4;0;0.0;0.0;1.3;1.3;14;62;23;0.00;0.13;0.13;0.00;0.13;0.00;0.09;0.09;0.00;0.09;Matches
224;Ali Houary;ma MAR;MF;Elche;20-159;2005;2;2;123;1.4;0;0;0;0;0;0;0;0;0.1;0.1;0.0;0.1;2;4;0;0.00;0.00;0.00;0.00;0.00;0.05;0.00;0.05;0.05;0.05;Matches
225;Dean Huijsen;es ESP;DF;Real Madrid;20-272;2005;13;12;964;10.7;1;1;2;1;0;0;3;1;1.5;1.5;1.1;2.6;13;75;6;0.09;0.09;0.19;0.09;0.19;0.14;0.10;0.24;0.14;0.24;Matches
226;Pablo Ibáñez;es ESP;MF;Alavés;27-113;1998;19;14;1,104;12.3;1;0;1;1;0;0;3;0;3.1;3.1;0.5;3.5;30;57;46;0.08;0.00;0.08;0.08;0.08;0.25;0.04;0.29;0.25;0.29;Matches
227;Stanis Idumbo;be BEL;MF;Sevilla;20-196;2005;1;1;45;0.5;0;0;0;0;0;0;0;0;0.0;0.0;0.1;0.1;4;1;2;0.00;0.00;0.00;0.00;0.00;0.07;0.16;0.23;0.07;0.23;Matches
228;Iglesias;es ESP;DF;Getafe;27-192;1998;18;17;1,504;16.7;1;0;1;1;0;0;2;0;0.6;0.6;0.5;1.2;13;47;24;0.06;0.00;0.06;0.06;0.06;0.04;0.03;0.07;0.04;0.07;Matches
229;Borja Iglesias;es ESP;FW;Celta Vigo;32-359;1993;17;11;989;11.0;7;2;9;5;2;2;3;0;5.6;4.0;1.3;5.3;8;23;48;0.64;0.18;0.82;0.46;0.64;0.51;0.12;0.63;0.37;0.49;Matches
230;Luka Ili?;rs SRB;MF,FW;Oviedo;26-193;1999;13;6;543;6.0;1;0;1;1;0;0;4;1;0.4;0.4;0.1;0.5;3;15;16;0.17;0.00;0.17;0.17;0.17;0.06;0.02;0.08;0.06;0.08;Matches
231;Isco;es ESP;MF;Betis;33-265;1992;1;0;31;0.3;0;1;1;0;0;0;0;0;0.1;0.1;0.2;0.2;2;4;1;0.00;2.90;2.90;0.00;2.90;0.24;0.45;0.69;0.24;0.69;Matches
232;Urko Izeta;es ESP;MF,FW;Athletic Club;26-104;1999;6;0;58;0.6;0;0;0;0;0;0;1;0;0.1;0.1;0.0;0.2;4;1;5;0.00;0.00;0.00;0.00;0.00;0.23;0.02;0.25;0.23;0.25;Matches
233;Jairo Izquierdo;es ESP;MF,DF;Elche;32-081;1993;1;0;24;0.3;0;0;0;0;0;0;0;0;0.0;0.0;0.0;0.0;1;0;3;0.00;0.00;0.00;0.00;0.00;0.00;0.00;0.00;0.00;0.00;Matches
234;Adnan Januzaj;be BEL;FW,MF;Sevilla;30-340;1995;9;2;235;2.6;0;0;0;0;0;0;1;0;0.1;0.1;0.4;0.5;16;21;25;0.00;0.00;0.00;0.00;0.00;0.04;0.16;0.20;0.04;0.20;Matches
235;Mikel Jauregizar;es ESP;MF;Athletic Club;22-059;2003;19;19;1,645;18.3;1;0;1;1;0;0;2;0;1.1;1.1;0.9;2.0;10;119;32;0.05;0.00;0.05;0.05;0.05;0.06;0.05;0.11;0.06;0.11;Matches
236;David Jiménez;es ESP;DF;Real Madrid;21-303;2004;1;0;1;0.0;0;0;0;0;0;0;0;0;0.0;0.0;0.0;0.0;0;0;0;0.00;0.00;0.00;0.00;0.00;0.00;0.00;0.00;0.00;0.00;Matches
237;Jofre;es ESP;FW,MF;Espanyol;24-208;2001;11;4;383;4.3;0;0;0;0;0;0;0;0;0.2;0.2;0.2;0.4;21;7;25;0.00;0.00;0.00;0.00;0.00;0.04;0.05;0.10;0.04;0.10;Matches
238;Frenkie de Jong;nl NED;MF;Barcelona;28-244;1997;14;11;1,045;11.6;0;3;3;0;0;0;3;1;0.5;0.5;2.0;2.6;35;115;21;0.00;0.26;0.26;0.00;0.26;0.05;0.17;0.22;0.05;0.22;Matches
239;Joan Jordán;es ESP;MF;Sevilla;31-189;1994;2;0;15;0.2;0;0;0;0;0;0;0;0;0.0;0.0;0.0;0.0;1;3;1;0.00;0.00;0.00;0.00;0.00;0.00;0.00;0.00;0.00;0.00;Matches
240;Josan;es ESP;DF,MF;Elche;36-039;1989;10;3;319;3.5;0;2;2;0;0;0;2;0;0.3;0.3;2.3;2.6;15;13;50;0.00;0.56;0.56;0.00;0.56;0.08;0.66;0.74;0.08;0.74;Matches
241;Mateo Joseph;es ESP;FW,MF;Mallorca;22-084;2003;17;12;1,082;12.0;2;1;3;2;0;0;2;0;3.5;3.5;0.7;4.2;16;11;57;0.17;0.08;0.25;0.17;0.25;0.29;0.06;0.35;0.29;0.35;Matches
242;Juanmi;es ESP;FW,DF;Getafe;32-236;1993;7;0;160;1.8;1;0;1;1;0;0;0;0;0.1;0.1;0.1;0.2;1;1;8;0.56;0.00;0.56;0.56;0.56;0.08;0.05;0.14;0.08;0.14;Matches
243;Luiz Lúcio Reis Júnior;br BRA;GK;Villarreal;24-362;2001;15;15;1,35;15.0;0;0;0;0;0;0;3;0;0.0;0.0;0.0;0.0;0;1;0;0.00;0.00;0.00;0.00;0.00;0.00;0.00;0.00;0.00;0.00;Matches
244;Vinicius Júnior;br BRA;FW,MF;Real Madrid;25-183;2000;19;16;1,401;15.6;5;5;10;4;1;2;4;0;6.4;4.9;3.4;8.3;123;69;227;0.32;0.32;0.64;0.26;0.58;0.41;0.22;0.63;0.31;0.53;Matches
245;Ferran Jutglà;es ESP;FW,MF;Celta Vigo;26-344;1999;14;10;727;8.1;2;1;3;2;0;0;3;0;2.3;2.3;0.7;3.0;16;10;66;0.25;0.12;0.37;0.25;0.37;0.28;0.09;0.37;0.28;0.37;Matches
246;Abu Kamara;eng ENG;MF,FW;Getafe;22-174;2003;9;1;196;2.2;0;0;0;0;0;0;1;0;0.4;0.4;0.1;0.5;9;4;16;0.00;0.00;0.00;0.00;0.00;0.18;0.03;0.21;0.18;0.21;Matches
247;Jon Karrikaburu;es ESP;FW,MF;Real Sociedad;23-114;2002;6;0;132;1.5;0;0;0;0;0;0;0;0;0.9;0.9;0.0;0.9;1;0;9;0.00;0.00;0.00;0.00;0.00;0.62;0.02;0.64;0.62;0.64;Matches
248;Kiké;es ESP;FW;Espanyol;36-047;1989;17;6;665;7.4;3;0;3;2;1;1;1;0;3.7;3.0;0.8;3.8;8;14;45;0.41;0.00;0.41;0.27;0.27;0.51;0.11;0.62;0.40;0.51;Matches
249;Koke;es ESP;MF;Atlético Madrid;34-003;1992;18;14;1,252;13.9;2;2;4;2;0;0;4;0;0.3;0.3;1.4;1.7;5;88;12;0.14;0.14;0.29;0.14;0.29;0.02;0.10;0.12;0.02;0.12;Matches
250;Luca Koleosho;it ITA;MF,FW;Espanyol;21-118;2004;3;0;63;0.7;0;0;0;0;0;0;0;0;0.0;0.0;0.0;0.1;3;2;7;0.00;0.00;0.00;0.00;0.00;0.06;0.04;0.10;0.06;0.10;Matches
251;Jules Koundé;fr FRA;DF;Barcelona;27-060;1998;18;14;1,331;14.8;1;1;2;1;0;0;3;0;0.7;0.7;1.1;1.8;23;70;65;0.07;0.07;0.14;0.07;0.14;0.04;0.07;0.12;0.04;0.12;Matches
252;Lancinet Kourouma;gn GUI;MF;Girona;21-287;2004;5;0;43;0.5;0;0;0;0;0;0;0;1;0.0;0.0;0.0;0.0;0;1;1;0.00;0.00;0.00;0.00;0.00;0.00;0.00;0.00;0.00;0.00;Matches
253;Goduine Koyalipou;cf CTA;FW;Levante;25-330;2000;11;2;247;2.7;1;0;1;1;0;0;1;0;1.0;1.0;0.3;1.2;2;3;13;0.36;0.00;0.36;0.36;0.36;0.36;0.10;0.45;0.36;0.45;Matches
254;Vladyslav Krapyvtsov;ua UKR;GK;Girona;20-200;2005;2;1;136;1.5;0;0;0;0;0;0;0;0;0.0;0.0;0.0;0.0;0;0;0;0.00;0.00;0.00;0.00;0.00;0.00;0.00;0.00;0.00;0.00;Matches
255;Ladislav Krej?í;cz CZE;DF;Girona;26-266;1999;2;2;180;2.0;0;0;0;0;0;0;1;0;0.1;0.1;0.0;0.1;0;6;0;0.00;0.00;0.00;0.00;0.00;0.06;0.00;0.06;0.06;0.06;Matches
256;Takefusa Kubo;jp JPN;MF,FW;Real Sociedad;24-221;2001;17;12;1,111;12.3;2;3;5;2;0;0;0;0;2.3;2.3;3.0;5.3;60;38;109;0.16;0.24;0.41;0.16;0.41;0.19;0.24;0.43;0.19;0.43;Matches
257;Marash Kumbulla;al ALB;DF;Mallorca;25-337;2000;5;3;240;2.7;0;0;0;0;0;0;0;0;0.0;0.0;0.0;0.0;3;7;1;0.00;0.00;0.00;0.00;0.00;0.01;0.01;0.01;0.01;0.01;Matches
258;Adrián de la Fuente;es ESP;DF;Levante;26-319;1999;14;11;1,042;11.6;1;0;1;0;1;1;3;0;1.2;0.4;0.1;0.4;5;23;8;0.09;0.00;0.09;0.00;0.00;0.10;0.01;0.11;0.03;0.04;Matches
259;Yoel Lago;es ESP;DF;Celta Vigo;21-292;2004;4;4;333;3.7;0;0;0;0;0;0;2;0;0.0;0.0;0.0;0.0;0;9;0;0.00;0.00;0.00;0.00;0.00;0.00;0.01;0.01;0.00;0.01;Matches
260;Aymeric Laporte;es ESP;DF;Athletic Club;31-229;1994;11;10;859;9.5;0;1;1;0;0;0;2;0;0.2;0.2;0.2;0.4;8;42;0;0.00;0.10;0.10;0.00;0.10;0.02;0.02;0.04;0.02;0.04;Matches
261;Toni Lato;es ESP;DF;Mallorca;28-051;1997;4;2;159;1.8;0;0;0;0;0;0;0;0;0.0;0.0;0.0;0.0;2;4;13;0.00;0.00;0.00;0.00;0.00;0.00;0.02;0.02;0.00;0.02;Matches
262;Robin Le Normand;es ESP;DF;Atlético Madrid;29-061;1996;13;10;990;11.0;1;0;1;1;0;0;2;0;0.4;0.4;0.0;0.4;3;36;0;0.09;0.00;0.09;0.09;0.09;0.04;0.00;0.04;0.04;0.04;Matches
263;Florian Lejeune;fr FRA;DF;Rayo Vallecano;34-236;1991;18;18;1,61;17.9;0;0;0;0;0;0;3;0;0.9;0.9;0.4;1.3;7;67;1;0.00;0.00;0.00;0.00;0.00;0.05;0.02;0.08;0.05;0.08;Matches
264;Youssef Lekhedim;es ESP;DF;Alavés;20-096;2005;14;8;791;8.8;0;0;0;0;0;0;2;0;0.3;0.3;0.3;0.6;12;24;47;0.00;0.00;0.00;0.00;0.00;0.04;0.03;0.07;0.04;0.07;Matches
265;Iñigo Lekue;es ESP;DF;Athletic Club;32-252;1993;6;5;354;3.9;0;0;0;0;0;0;1;1;0.1;0.1;0.0;0.1;9;10;16;0.00;0.00;0.00;0.00;0.00;0.03;0.00;0.03;0.03;0.03;Matches
266;Thomas Lemar;fr FRA;MF,FW;Girona;30-060;1995;10;3;417;4.6;0;1;1;0;0;0;1;0;0.4;0.4;0.6;1.0;11;33;28;0.00;0.22;0.22;0.00;0.22;0.09;0.12;0.21;0.09;0.21;Matches
267;Clément Lenglet;fr FRA;DF;Atlético Madrid;30-208;1995;9;9;730;8.1;0;0;0;0;0;0;3;1;0.1;0.1;0.2;0.2;7;42;0;0.00;0.00;0.00;0.00;0.00;0.01;0.02;0.03;0.01;0.03;Matches
268;Robert Lewandowski;pl POL;FW;Barcelona;37-143;1988;14;7;698;7.8;9;1;10;8;1;3;1;0;7.8;5.5;0.9;6.3;6;9;44;1.16;0.13;1.29;1.03;1.16;1.01;0.11;1.12;0.70;0.82;Matches
269;Adrián Liso;es ESP;FW,MF;Getafe;20-284;2005;16;16;1,231;13.7;3;0;3;3;0;0;1;0;1.4;1.4;0.2;1.6;12;15;72;0.22;0.00;0.22;0.22;0.22;0.10;0.01;0.11;0.10;0.11;Matches
270;Javier Llabrés;es ESP;FW,MF;Mallorca;23-122;2002;8;1;128;1.4;0;0;0;0;0;0;0;0;0.1;0.1;0.1;0.2;1;3;20;0.00;0.00;0.00;0.00;0.00;0.06;0.06;0.12;0.06;0.12;Matches
271;Diego Llorente;es ESP;DF;Betis;32-148;1993;3;2;82;0.9;1;0;1;1;0;0;0;0;0.7;0.7;0.0;0.7;0;1;0;1.10;0.00;1.10;1.10;1.10;0.73;0.00;0.73;0.73;0.73;Matches
272;Marcos Llorente;es ESP;DF;Atlético Madrid;30-346;1995;15;15;1,26;14.0;0;3;3;0;0;0;3;0;1.3;1.3;1.6;2.8;43;66;79;0.00;0.21;0.21;0.00;0.21;0.09;0.11;0.20;0.09;0.20;Matches
273;Giovani Lo Celso;ar ARG;MF;Betis;29-277;1996;16;10;1,016;11.3;2;2;4;2;0;0;3;0;2.2;2.2;1.8;4.0;17;88;38;0.18;0.18;0.35;0.18;0.35;0.19;0.16;0.35;0.19;0.35;Matches
274;David López;es ESP;DF;Mallorca;22-342;2003;1;1;61;0.7;0;0;0;0;0;0;0;0;0.0;0.0;0.0;0.0;0;1;0;0.00;0.00;0.00;0.00;0.00;0.00;0.00;0.00;0.00;0.00;Matches
275;David López;es ESP;DF;Girona;36-094;1989;3;2;202;2.2;0;0;0;0;0;0;0;0;0.6;0.6;0.0;0.6;4;13;0;0.00;0.00;0.00;0.00;0.00;0.25;0.00;0.25;0.25;0.25;Matches
276;Diego López;es ESP;FW,MF;Valencia;23-243;2002;19;15;1,217;13.5;3;0;3;3;0;0;2;0;2.1;2.1;0.9;3.0;29;32;70;0.22;0.00;0.22;0.22;0.22;0.16;0.07;0.22;0.16;0.22;Matches
277;Fermin López;es ESP;MF,FW;Barcelona;22-245;2003;13;7;694;7.7;4;4;8;4;0;0;1;0;2.4;2.4;3.2;5.7;21;34;55;0.52;0.52;1.04;0.52;1.04;0.32;0.42;0.74;0.32;0.74;Matches
278;Javi López;es ESP;DF;Oviedo;23-292;2002;8;5;392;4.4;0;0;0;0;0;0;0;0;0.0;0.0;0.3;0.3;6;9;27;0.00;0.00;0.00;0.00;0.00;0.00;0.06;0.06;0.00;0.06;Matches
279;Pau López;es ESP;GK;Betis;31-029;1994;7;7;630;7.0;0;0;0;0;0;0;1;0;0.0;0.0;0.0;0.0;0;0;0;0.00;0.00;0.00;0.00;0.00;0.00;0.00;0.00;0.00;0.00;Matches
280;Unai López;es ESP;MF;Rayo Vallecano;30-073;1995;16;14;1,027;11.4;0;3;3;0;0;0;7;1;0.5;0.5;1.0;1.5;10;78;14;0.00;0.26;0.26;0.00;0.26;0.05;0.09;0.13;0.05;0.13;Matches
281;Iker Losada;es ESP;FW,MF;Levante;24-163;2001;6;1;148;1.6;1;0;1;1;0;0;0;0;0.6;0.6;0.0;0.6;1;4;7;0.61;0.00;0.61;0.61;0.61;0.35;0.02;0.37;0.35;0.37;Matches
282;Pol Lozano;es ESP;MF;Espanyol;26-097;1999;18;16;1,254;13.9;1;0;1;1;0;0;5;0;0.2;0.2;0.6;0.8;7;62;4;0.07;0.00;0.07;0.07;0.07;0.01;0.04;0.06;0.01;0.06;Matches
283;Sergio Lozano;es ESP;MF;Levante;26-293;1999;1;0;12;0.1;0;0;0;0;0;0;0;0;0.0;0.0;0.0;0.0;0;2;1;0.00;0.00;0.00;0.00;0.00;0.00;0.00;0.00;0.00;0.00;Matches
284;Oier Luengo;es ESP;DF;Oviedo;28-061;1997;2;2;135;1.5;0;0;0;0;0;0;1;0;0.0;0.0;0.0;0.0;0;0;0;0.00;0.00;0.00;0.00;0.00;0.00;0.00;0.00;0.00;0.00;Matches
285;José Luis Gayà;es ESP;DF;Valencia;30-231;1995;16;15;1,186;13.2;0;1;1;0;0;0;4;1;0.2;0.2;1.3;1.5;26;45;78;0.00;0.08;0.08;0.00;0.08;0.02;0.10;0.12;0.02;0.12;Matches
286;José Luis Morales;es ESP;MF,FW;Levante;38-172;1987;16;1;296;3.3;1;1;2;0;1;1;1;0;1.7;1.0;0.7;1.7;7;20;20;0.30;0.30;0.61;0.00;0.30;0.52;0.21;0.73;0.32;0.53;Matches
287;Dodi Lukebakio;be BEL;FW,MF;Sevilla;28-109;1997;2;2;180;2.0;1;0;1;1;0;0;0;0;0.1;0.1;0.8;0.9;4;6;18;0.50;0.00;0.50;0.50;0.50;0.04;0.41;0.45;0.04;0.45;Matches
288;Carlos Macià;es ESP;MF;Villarreal;17-132;2008;3;0;71;0.8;0;0;0;0;0;0;1;0;0.1;0.1;0.0;0.1;2;2;0;0.00;0.00;0.00;0.00;0.00;0.08;0.00;0.08;0.08;0.08;Matches
289;Pablo Maffeo;es ESP;DF;Mallorca;28-183;1997;14;13;1,198;13.3;1;0;1;1;0;0;4;0;0.2;0.2;0.1;0.3;11;41;43;0.08;0.00;0.08;0.08;0.08;0.01;0.01;0.02;0.01;0.02;Matches
290;Aitor Mañas;es ESP;FW;Alavés;23-006;2003;3;0;26;0.3;0;0;0;0;0;0;0;0;0.0;0.0;0.0;0.0;0;0;5;0.00;0.00;0.00;0.00;0.00;0.00;0.16;0.16;0.00;0.16;Matches
291;Marcão;br BRA;DF;Sevilla;29-220;1996;13;11;938;10.4;0;0;0;0;0;0;5;1;0.7;0.7;0.0;0.7;11;29;0;0.00;0.00;0.00;0.00;0.00;0.06;0.00;0.06;0.06;0.06;Matches
292;José María Giménez;uy URU;DF;Atlético Madrid;30-356;1995;7;6;544;6.0;0;0;0;0;0;0;2;0;1.1;1.1;0.0;1.1;0;23;0;0.00;0.00;0.00;0.00;0.00;0.17;0.00;0.17;0.17;0.17;Matches
293;Mariano;do DOM;FW;Alavés;32-163;1993;9;3;281;3.1;0;0;0;0;0;0;1;0;0.2;0.2;0.7;0.8;2;6;11;0.00;0.00;0.00;0.00;0.00;0.05;0.21;0.27;0.05;0.27;Matches
294;Arkaitz Mariezkurrena;es ESP;FW;Real Sociedad;20-281;2005;1;0;1;0.0;0;0;0;0;0;0;0;0;0.0;0.0;0.0;0.0;0;0;0;0.00;0.00;0.00;0.00;0.00;0.00;0.00;0.00;0.00;0.00;Matches
295;Rafa Marín;es ESP;DF;Villarreal;23-237;2002;13;13;1,159;12.9;1;0;1;1;0;0;1;0;0.3;0.3;0.2;0.5;7;41;0;0.08;0.00;0.08;0.08;0.08;0.02;0.01;0.04;0.02;0.04;Matches
296;Pablo Marín;es ESP;MF;Real Sociedad;22-192;2003;17;7;693;7.7;0;0;0;0;0;0;1;0;0.6;0.6;0.2;0.8;15;17;24;0.00;0.00;0.00;0.00;0.00;0.08;0.02;0.10;0.08;0.10;Matches
297;Gerard Martín;es ESP;DF;Barcelona;24-010;2002;17;12;975;10.8;0;0;0;0;0;0;3;0;0.0;0.0;0.5;0.5;15;75;38;0.00;0.00;0.00;0.00;0.00;0.00;0.05;0.05;0.00;0.05;Matches
298;Iván Martín;es ESP;MF;Girona;26-331;1999;17;16;1,378;15.3;0;1;1;0;0;0;4;1;0.2;0.2;0.8;1.0;22;60;31;0.00;0.07;0.07;0.00;0.07;0.01;0.05;0.06;0.01;0.06;Matches
299;Jon Martin;es ESP;DF;Real Sociedad;19-263;2006;11;11;990;11.0;0;0;0;0;0;0;3;0;0.6;0.6;0.0;0.7;10;48;0;0.00;0.00;0.00;0.00;0.00;0.05;0.00;0.06;0.05;0.06;Matches
300;Mario Martín;es ESP;MF,FW;Getafe;21-312;2004;18;16;1,171;13.0;2;0;2;2;0;0;6;0;0.8;0.8;0.2;1.0;16;25;48;0.15;0.00;0.15;0.15;0.15;0.06;0.01;0.07;0.06;0.07;Matches
301;Arnau Martinez;es ESP;DF,MF;Girona;22-261;2003;17;15;1,192;13.2;1;1;2;1;0;0;4;0;0.6;0.6;0.4;1.0;23;50;35;0.08;0.08;0.15;0.08;0.15;0.04;0.03;0.07;0.04;0.07;Matches
302;Joaquín Martínez Gauna;es ESP;DF;Sevilla;22-186;2003;4;3;295;3.3;0;1;1;0;0;0;1;0;0.2;0.2;0.7;0.9;14;9;22;0.00;0.31;0.31;0.00;0.31;0.06;0.22;0.28;0.06;0.28;Matches
303;Pablo Martínez;es ESP;MF;Levante;27-323;1998;11;7;671;7.5;0;1;1;0;0;0;2;0;0.7;0.7;0.8;1.5;10;25;21;0.00;0.13;0.13;0.00;0.13;0.09;0.10;0.20;0.09;0.20;Matches
304;Ramón Martínez;es ESP;DF;Sevilla;23-081;2002;2;0;102;1.1;0;0;0;0;0;0;0;0;0.0;0.0;0.0;0.0;1;3;0;0.00;0.00;0.00;0.00;0.00;0.00;0.00;0.00;0.00;0.00;Matches
305;Toni Martínez;es ESP;FW;Alavés;28-195;1997;18;13;1,188;13.2;3;1;4;3;0;0;0;0;3.9;3.9;0.3;4.2;10;12;54;0.23;0.08;0.30;0.23;0.30;0.29;0.02;0.32;0.29;0.32;Matches
306;Omar Mascarell;gq EQG;MF;Mallorca;32-343;1993;11;7;683;7.6;1;1;2;1;0;0;2;0;0.1;0.1;0.2;0.2;6;29;2;0.13;0.13;0.26;0.13;0.26;0.01;0.02;0.03;0.01;0.03;Matches
307;Franco Mastantuono;ar ARG;FW,MF;Real Madrid;18-150;2007;11;7;562;6.2;1;0;1;1;0;0;3;0;2.0;2.0;0.9;3.0;9;21;73;0.16;0.00;0.16;0.16;0.16;0.33;0.15;0.47;0.33;0.47;Matches
308;Alan Matturro;uy URU;DF;Levante;21-092;2004;6;2;198;2.2;0;0;0;0;0;0;0;0;0.0;0.0;0.0;0.0;3;7;0;0.00;0.00;0.00;0.00;0.00;0.01;0.00;0.01;0.01;0.01;Matches
309;Borja Mayoral;es ESP;FW;Getafe;28-281;1997;14;12;1,041;11.6;4;1;5;4;0;1;0;0;2.9;2.1;0.2;2.3;3;27;36;0.35;0.09;0.43;0.35;0.43;0.25;0.02;0.27;0.18;0.20;Matches
310;Kylian Mbappé;fr FRA;FW;Real Madrid;27-022;1998;18;18;1,57;17.4;18;4;22;13;5;6;3;0;15.7;11.0;5.5;16.5;73;81;167;1.03;0.23;1.26;0.75;0.97;0.90;0.31;1.22;0.63;0.95;Matches
311;Brais Méndez;es ESP;MF,FW;Real Sociedad;29-004;1997;18;14;1,146;12.7;4;2;6;4;0;0;3;0;2.3;2.3;1.4;3.7;23;80;75;0.31;0.16;0.47;0.31;0.47;0.18;0.11;0.29;0.18;0.29;Matches
312;Rodrigo Mendoza;es ESP;MF,FW;Elche;20-302;2005;13;5;659;7.3;1;0;1;1;0;0;3;0;0.7;0.7;0.3;1.0;17;26;41;0.14;0.00;0.14;0.14;0.14;0.10;0.05;0.14;0.10;0.14;Matches
313;Batista Mendy;fr FRA;MF;Sevilla;25-364;2000;14;13;1,056;11.7;1;0;1;1;0;0;3;0;0.8;0.8;0.2;1.1;11;34;9;0.09;0.00;0.09;0.09;0.09;0.07;0.02;0.09;0.07;0.09;Matches
314;Ferland Mendy;fr FRA;DF;Real Madrid;30-217;1995;1;0;2;0.0;0;0;0;0;0;0;0;0;0.0;0.0;0.0;0.0;0;0;0;0.00;0.00;0.00;0.00;0.00;0.00;0.00;0.00;0.00;0.00;Matches
315;Nobel Mendy;fr FRA;DF;Rayo Vallecano;21-130;2004;10;9;789;8.8;1;0;1;1;0;0;3;0;1.1;1.1;0.0;1.1;1;16;2;0.11;0.00;0.11;0.11;0.11;0.12;0.00;0.12;0.12;0.12;Matches
316;Alejandro Mestanza;es ESP;FW,MF;Getafe;21-035;2004;2;1;65;0.7;0;0;0;0;0;0;0;0;0.0;0.0;0.0;0.0;0;0;4;0.00;0.00;0.00;0.00;0.00;0.03;0.00;0.03;0.03;0.03;Matches
317;Georges Mikautadze;ge GEO;FW;Villarreal;25-072;2000;13;8;751;8.3;5;3;8;5;0;0;0;0;3.7;3.7;1.9;5.6;17;14;54;0.60;0.36;0.96;0.60;0.96;0.45;0.22;0.67;0.45;0.67;Matches
318;Éder Militão;br BRA;DF;Real Madrid;27-358;1998;13;12;1;11.1;1;1;2;1;0;0;2;0;1.4;1.3;1.3;2.6;5;36;3;0.09;0.09;0.18;0.09;0.18;0.12;0.12;0.24;0.12;0.23;Matches
319;Luis Milla;es ESP;MF;Getafe;31-096;1994;18;18;1,574;17.5;0;7;7;0;0;0;3;1;0.4;0.4;2.7;3.1;15;79;25;0.00;0.40;0.40;0.00;0.40;0.02;0.15;0.18;0.02;0.18;Matches
320;Pere Milla;es ESP;FW,MF;Espanyol;33-110;1992;16;15;1,141;12.7;6;0;6;6;0;0;4;1;5.5;5.5;2.0;7.5;20;35;53;0.47;0.00;0.47;0.47;0.47;0.43;0.16;0.59;0.43;0.59;Matches
321;Óscar Mingueza;es ESP;MF,DF;Celta Vigo;26-243;1999;15;11;945;10.5;1;2;3;1;0;0;1;0;0.5;0.5;2.1;2.6;13;51;50;0.10;0.19;0.29;0.10;0.29;0.05;0.20;0.25;0.05;0.25;Matches
322;Bojan Miovski;mk MKD;FW;Girona;26-201;1999;1;1;44;0.5;0;0;0;0;0;0;0;0;0.0;0.0;0.0;0.0;0;0;0;0.00;0.00;0.00;0.00;0.00;0.00;0.00;0.00;0.00;0.00;Matches
323;Rafa Mir;es ESP;FW,MF;Elche;28-207;1997;18;15;1,308;14.5;6;0;6;6;0;1;1;0;5.7;4.9;0.5;5.4;16;45;76;0.41;0.00;0.41;0.41;0.41;0.39;0.04;0.43;0.34;0.37;Matches
324;Johan Mojica;co COL;DF;Mallorca;33-143;1992;18;15;1,4;15.6;0;3;3;0;0;0;2;0;0.3;0.3;2.0;2.3;30;63;56;0.00;0.19;0.19;0.00;0.19;0.02;0.13;0.15;0.02;0.15;Matches
325;Alberto Moleiro;es ESP;MF,FW;Villarreal;22-103;2003;18;15;1,161;12.9;8;3;11;8;0;0;2;0;4.1;4.1;3.2;7.4;43;45;67;0.62;0.23;0.85;0.62;0.85;0.32;0.25;0.57;0.32;0.57;Matches
326;Nahuel Molina;ar ARG;DF;Atlético Madrid;27-280;1998;13;6;541;6.0;0;1;1;0;0;0;1;0;0.0;0.0;1.2;1.2;11;22;24;0.00;0.17;0.17;0.00;0.17;0.01;0.19;0.20;0.01;0.20;Matches
327;Jon Moncayola;es ESP;MF,DF;Osasuna;27-243;1998;19;19;1,637;18.2;0;2;2;0;0;0;5;0;1.3;1.3;2.3;3.5;20;94;46;0.00;0.11;0.11;0.00;0.11;0.07;0.12;0.19;0.07;0.19;Matches
328;Jorge Montes;es ESP;MF;Getafe;21-311;2004;1;0;27;0.3;0;0;0;0;0;0;0;0;0.0;0.0;0.0;0.0;0;0;0;0.00;0.00;0.00;0.00;0.00;0.00;0.00;0.00;0.00;0.00;Matches
329;Diego Morcillo;es ESP;FW,MF;Alavés;22-207;2003;1;0;10;0.1;0;0;0;0;0;0;0;0;0.4;0.4;0.0;0.4;0;1;2;0.00;0.00;0.00;0.00;0.00;4.02;0.00;4.02;4.02;4.02;Matches
330;Álex Moreno;es ESP;DF;Girona;32-217;1993;18;17;1,575;17.5;0;2;2;0;0;0;2;0;1.5;1.5;1.3;2.8;59;67;81;0.00;0.11;0.11;0.00;0.11;0.09;0.07;0.16;0.09;0.16;Matches
331;Gerard Moreno;es ESP;FW;Villarreal;33-279;1992;9;7;506;5.6;5;0;5;4;1;1;0;0;2.3;1.5;1.7;3.2;14;35;30;0.89;0.00;0.89;0.71;0.71;0.40;0.30;0.70;0.26;0.56;Matches
332;Matias Moreno;ar ARG;DF;Levante;22-109;2003;12;11;945;10.5;0;0;0;0;0;0;3;0;0.4;0.4;0.1;0.5;12;24;1;0.00;0.00;0.00;0.00;0.00;0.04;0.01;0.05;0.04;0.05;Matches
333;Mateu Morey;es ESP;DF;Mallorca;25-315;2000;11;6;446;5.0;1;0;1;1;0;0;2;0;0.3;0.3;0.2;0.5;4;17;17;0.20;0.00;0.20;0.20;0.20;0.06;0.04;0.10;0.06;0.10;Matches
334;Ilaix Moriba;gn GUI;MF;Celta Vigo;22-357;2003;18;12;1,15;12.8;0;1;1;0;0;0;2;0;0.6;0.6;1.3;1.9;12;53;40;0.00;0.08;0.08;0.00;0.08;0.05;0.10;0.15;0.05;0.15;Matches
335;Manu Morlanes;es ESP;MF;Mallorca;26-364;1999;15;12;882;9.8;1;0;1;1;0;0;3;1;0.6;0.6;0.4;1.0;11;51;14;0.10;0.00;0.10;0.10;0.10;0.06;0.04;0.10;0.06;0.10;Matches
336;Santiago Mouriño;uy URU;DF;Villarreal;23-332;2002;12;12;1,055;11.7;0;1;1;0;0;0;6;1;0.3;0.3;0.1;0.3;13;38;3;0.00;0.09;0.09;0.00;0.09;0.02;0.00;0.03;0.02;0.03;Matches
337;Aihen Muñoz;es ESP;DF;Real Sociedad;28-148;1997;12;5;478;5.3;0;0;0;0;0;0;1;0;0.2;0.2;0.2;0.3;6;19;19;0.00;0.00;0.00;0.00;0.00;0.03;0.03;0.06;0.03;0.06;Matches
338;Iker Muñoz;es ESP;MF;Osasuna;23-067;2002;6;1;279;3.1;0;0;0;0;0;0;2;0;0.0;0.0;0.0;0.0;2;11;5;0.00;0.00;0.00;0.00;0.00;0.01;0.00;0.01;0.01;0.01;Matches
339;Javier Muñoz;es ESP;MF,FW;Getafe;30-317;1995;10;3;370;4.1;0;0;0;0;0;0;0;0;0.2;0.2;0.1;0.3;4;11;20;0.00;0.00;0.00;0.00;0.00;0.05;0.03;0.08;0.05;0.08;Matches
340;Víctor Muñoz;es ESP;FW,MF;Osasuna;22-182;2003;19;17;1,391;15.5;2;1;3;2;0;0;2;0;2.0;2.0;1.1;3.1;63;12;103;0.13;0.06;0.19;0.13;0.19;0.13;0.07;0.20;0.13;0.20;Matches
341;Vedat Muriqi;xk KVX;FW;Mallorca;31-262;1994;17;16;1,357;15.1;10;0;10;7;3;3;1;1;6.8;4.5;0.3;4.8;13;16;59;0.66;0.00;0.66;0.46;0.46;0.45;0.02;0.47;0.30;0.32;Matches
342;Juan Musso;ar ARG;GK;Atlético Madrid;31-250;1994;1;1;90;1.0;0;0;0;0;0;0;1;0;0.0;0.0;0.0;0.0;0;0;0;0.00;0.00;0.00;0.00;0.00;0.00;0.00;0.00;0.00;0.00;Matches
343;Natan;br BRA;DF;Betis;24-339;2001;18;18;1,565;17.4;0;0;0;0;0;0;4;0;0.3;0.3;0.3;0.6;6;32;1;0.00;0.00;0.00;0.00;0.00;0.02;0.01;0.03;0.02;0.03;Matches
344;Pau Navarro;es ESP;DF;Villarreal;20-261;2005;7;7;597;6.6;0;0;0;0;0;0;2;0;0.0;0.0;0.3;0.3;3;17;1;0.00;0.00;0.00;0.00;0.00;0.00;0.05;0.05;0.00;0.05;Matches
345;Roberto Navarro;es ESP;FW,MF;Athletic Club;23-274;2002;15;5;571;6.3;3;1;4;3;0;0;1;0;2.3;2.3;0.9;3.2;23;17;43;0.47;0.16;0.63;0.47;0.63;0.36;0.14;0.50;0.36;0.50;Matches
346;Martim Neto;pt POR;MF;Elche;22-362;2003;15;9;849;9.4;2;3;5;2;0;0;1;0;0.9;0.9;1.7;2.6;26;51;28;0.21;0.32;0.53;0.21;0.53;0.09;0.18;0.27;0.09;0.27;Matches
347;Yvan Neyou;cm CMR;MF;Getafe;29-008;1997;5;0;67;0.7;0;0;0;0;0;0;2;0;0.0;0.0;0.0;0.0;0;3;2;0.00;0.00;0.00;0.00;0.00;0.00;0.00;0.00;0.00;0.00;Matches
348;Tanguy Nianzou;fr FRA;DF;Sevilla;23-218;2002;5;3;306;3.4;0;0;0;0;0;0;4;0;0.1;0.1;0.0;0.1;0;9;0;0.00;0.00;0.00;0.00;0.00;0.03;0.00;0.03;0.03;0.03;Matches
349;Randy Nteka;ao ANG;FW;Rayo Vallecano;28-036;1997;4;0;41;0.5;0;0;0;0;0;0;0;0;0.1;0.1;0.0;0.1;0;2;3;0.00;0.00;0.00;0.00;0.00;0.12;0.05;0.17;0.12;0.17;Matches
350;Álvaro Núñez;es ESP;DF;Elche;25-188;2000;19;19;1,647;18.3;0;2;2;0;0;0;2;0;0.2;0.2;2.0;2.3;11;97;64;0.00;0.11;0.11;0.00;0.11;0.01;0.11;0.12;0.01;0.12;Matches
351;Ørjan Nyland;no NOR;GK;Sevilla;35-123;1990;4;4;360;4.0;0;0;0;0;0;0;1;0;0.0;0.0;0.0;0.0;0;0;0;0.00;0.00;0.00;0.00;0.00;0.00;0.00;0.00;0.00;0.00;Matches
352;Allan Nyom;cm CMR;DF;Getafe;37-246;1988;7;4;272;3.0;0;0;0;0;0;0;4;1;0.2;0.2;0.1;0.3;4;10;2;0.00;0.00;0.00;0.00;0.00;0.07;0.02;0.09;0.07;0.09;Matches
353;Jan Oblak;si SVN;GK;Atlético Madrid;33-004;1993;18;18;1,62;18.0;0;0;0;0;0;0;0;0;0.0;0.0;0.0;0.0;0;0;0;0.00;0.00;0.00;0.00;0.00;0.00;0.00;0.00;0.00;0.00;Matches
354;Álvaro Odriozola;es ESP;DF;Real Sociedad;30-028;1995;1;1;56;0.6;1;0;1;1;0;0;0;0;0.6;0.6;0.0;0.6;2;0;1;1.61;0.00;1.61;1.61;1.61;0.92;0.00;0.92;0.92;0.92;Matches
355;Olasagasti;es ESP;MF;Levante;25-148;2000;13;4;461;5.1;0;1;1;0;0;0;1;0;0.2;0.2;0.5;0.7;7;21;14;0.00;0.20;0.20;0.00;0.20;0.04;0.09;0.13;0.04;0.13;Matches
356;Dani Olmo;es ESP;MF;Barcelona;27-249;1998;14;8;861;9.6;5;2;7;5;0;0;0;0;3.4;3.4;2.3;5.8;19;55;61;0.52;0.21;0.73;0.52;0.73;0.36;0.24;0.60;0.36;0.60;Matches
357;Tani Oluwaseyi;ca CAN;FW;Villarreal;25-241;2000;15;4;491;5.5;2;1;3;2;0;0;0;0;3.2;3.2;1.3;4.6;12;5;18;0.37;0.18;0.55;0.37;0.55;0.60;0.24;0.84;0.60;0.84;Matches
358;Aimar Oroz;es ESP;MF,FW;Osasuna;24-045;2001;13;11;947;10.5;0;2;2;0;0;0;4;0;0.8;0.8;1.7;2.5;33;45;46;0.00;0.19;0.19;0.00;0.19;0.08;0.16;0.24;0.08;0.24;Matches
359;Ángel Ortíz;es ESP;DF;Betis;21-170;2004;6;4;310;3.4;0;0;0;0;0;0;1;0;0.0;0.0;0.5;0.5;5;6;7;0.00;0.00;0.00;0.00;0.00;0.00;0.15;0.15;0.00;0.15;Matches
360;Asier Osambela;es ESP;DF,MF;Osasuna;21-337;2004;6;2;213;2.4;0;0;0;0;0;0;0;0;0.1;0.1;0.1;0.2;3;10;2;0.00;0.00;0.00;0.00;0.00;0.03;0.06;0.08;0.03;0.08;Matches
361;Azzedine Ounahi;ma MAR;MF,FW;Girona;25-267;2000;10;9;780;8.7;3;1;4;3;0;0;5;0;0.9;0.9;1.4;2.3;31;66;50;0.35;0.12;0.46;0.35;0.46;0.11;0.16;0.27;0.11;0.27;Matches
362;Mikel Oyarzabal;es ESP;FW;Real Sociedad;28-265;1997;16;16;1,407;15.6;5;3;8;2;3;3;2;0;7.2;4.8;3.7;8.5;32;47;91;0.32;0.19;0.51;0.13;0.32;0.46;0.24;0.69;0.31;0.54;Matches
363;Jon Pacheco;es ESP;DF;Alavés;25-003;2001;13;12;1,051;11.7;0;0;0;0;0;0;2;0;0.1;0.1;0.6;0.7;9;38;2;0.00;0.00;0.00;0.00;0.00;0.01;0.05;0.06;0.01;0.06;Matches
364;Isaac Palazón Camacho;es ESP;MF,FW;Rayo Vallecano;31-015;1994;17;15;1,258;14.0;1;2;3;0;1;2;5;0;3.1;1.5;2.1;3.6;20;76;67;0.07;0.14;0.21;0.00;0.14;0.22;0.15;0.37;0.11;0.26;Matches
365;Diego Pampín;es ESP;DF;Levante;25-302;2000;4;2;188;2.1;0;0;0;0;0;0;2;0;0.0;0.0;0.0;0.0;2;4;7;0.00;0.00;0.00;0.00;0.00;0.00;0.02;0.02;0.00;0.02;Matches
366;Victor Parada;es ESP;DF;Alavés;23-282;2002;15;10;935;10.4;0;1;1;0;0;0;5;0;0.5;0.5;1.1;1.7;10;20;34;0.00;0.10;0.10;0.00;0.10;0.05;0.11;0.16;0.05;0.16;Matches
367;Aitor Paredes;es ESP;DF;Athletic Club;25-257;2000;12;11;1;11.1;1;0;1;1;0;0;2;0;0.8;0.8;0.0;0.9;9;61;2;0.09;0.00;0.09;0.09;0.09;0.08;0.00;0.08;0.08;0.08;Matches
368;Daniel Parejo;es ESP;MF;Villarreal;36-270;1989;15;7;646;7.2;0;0;0;0;0;0;2;0;0.2;0.2;0.9;1.0;6;32;5;0.00;0.00;0.00;0.00;0.00;0.02;0.12;0.15;0.02;0.15;Matches
369;Thomas Partey;gh GHA;MF;Villarreal;32-212;1993;13;7;654;7.3;0;0;0;0;0;0;0;0;0.4;0.4;0.2;0.6;15;29;14;0.00;0.00;0.00;0.00;0.00;0.05;0.03;0.08;0.05;0.08;Matches
370;Alfonso Pedraza;es ESP;DF,MF;Villarreal;29-277;1996;13;8;790;8.8;1;2;3;1;0;0;3;0;0.5;0.5;2.1;2.6;32;15;67;0.11;0.23;0.34;0.11;0.34;0.05;0.24;0.30;0.05;0.30;Matches
371;Pedri;es ESP;MF;Barcelona;23-047;2002;15;13;1,124;12.5;2;5;7;2;0;0;2;1;1.2;1.2;3.2;4.4;54;140;56;0.16;0.40;0.56;0.16;0.56;0.10;0.26;0.35;0.10;0.35;Matches
372;Adrià Pedrosa;es ESP;DF;Elche;27-243;1998;11;4;505;5.6;1;1;2;1;0;0;4;0;0.4;0.4;1.1;1.4;9;16;37;0.18;0.18;0.36;0.18;0.36;0.06;0.19;0.26;0.06;0.26;Matches
373;Adrià Pedrosa;es ESP;DF;Sevilla;27-243;1998;1;0;6;0.1;0;0;0;0;0;0;0;0;0.0;0.0;0.0;0.0;1;1;1;0.00;0.00;0.00;0.00;0.00;0.00;0.36;0.36;0.00;0.36;Matches
374;Iñaki Peña;es ESP;GK;Elche;26-315;1999;12;12;1,08;12.0;0;0;0;0;0;0;0;0;0.0;0.0;0.1;0.1;0;2;0;0.00;0.00;0.00;0.00;0.00;0.00;0.01;0.01;0.00;0.01;Matches
375;Nicolas Pépé;ci CIV;FW,MF;Villarreal;30-227;1995;17;11;1,026;11.4;2;2;4;2;0;0;2;0;5.0;5.0;2.9;7.9;59;60;100;0.18;0.18;0.35;0.18;0.35;0.44;0.25;0.69;0.44;0.69;Matches
376;Peque;es ESP;MF;Sevilla;23-099;2002;14;6;574;6.4;1;0;1;1;0;0;5;0;0.7;0.7;0.5;1.2;27;25;31;0.16;0.00;0.16;0.16;0.16;0.12;0.07;0.19;0.12;0.19;Matches
377;Ayoze Pérez;es ESP;FW;Villarreal;32-166;1993;11;6;512;5.7;2;3;5;2;0;0;2;0;2.3;2.3;1.0;3.3;15;22;26;0.35;0.53;0.88;0.35;0.88;0.40;0.17;0.57;0.40;0.57;Matches
378;Francisco Perez;es ESP;FW,MF;Rayo Vallecano;23-124;2002;15;5;678;7.5;1;0;1;1;0;0;2;0;1.1;1.1;1.3;2.4;18;12;39;0.13;0.00;0.13;0.13;0.13;0.15;0.17;0.32;0.15;0.32;Matches
379;Joselu Pérez;es ESP;FW;Getafe;21-305;2004;2;0;22;0.2;0;0;0;0;0;0;0;0;0.0;0.0;0.0;0.0;0;0;1;0.00;0.00;0.00;0.00;0.00;0.15;0.00;0.15;0.15;0.15;Matches
380;Léo Pétrot;fr FRA;DF;Elche;28-271;1997;16;6;576;6.4;0;0;0;0;0;0;0;0;0.1;0.1;0.2;0.3;7;12;22;0.00;0.00;0.00;0.00;0.00;0.02;0.03;0.05;0.02;0.05;Matches
381;Charles Pickel;cd COD;MF,FW;Espanyol;28-241;1997;10;2;344;3.8;0;0;0;0;0;0;1;0;0.2;0.2;0.0;0.3;0;13;6;0.00;0.00;0.00;0.00;0.00;0.07;0.01;0.07;0.07;0.07;Matches
382;Lander Pinillos;es ESP;MF;Alavés;22-097;2003;1;0;2;0.0;0;0;0;0;0;0;0;0;0.0;0.0;0.0;0.0;0;0;1;0.00;0.00;0.00;0.00;0.00;0.00;0.00;0.00;0.00;0.00;Matches
383;Yeremi Pino;es ESP;MF,FW;Villarreal;23-083;2002;2;2;159;1.8;0;1;1;0;0;0;0;0;0.2;0.2;0.9;1.0;6;18;18;0.00;0.57;0.57;0.00;0.57;0.09;0.48;0.57;0.09;0.57;Matches
384;Portu;es ESP;FW,MF;Girona;33-235;1992;10;4;474;5.3;0;0;0;0;0;0;2;0;1.3;1.3;0.3;1.6;3;6;32;0.00;0.00;0.00;0.00;0.00;0.24;0.05;0.30;0.24;0.30;Matches
385;Beñat Prados;es ESP;MF;Athletic Club;24-337;2001;2;1;85;0.9;0;0;0;0;0;0;1;0;0.0;0.0;0.1;0.1;0;4;1;0.00;0.00;0.00;0.00;0.00;0.03;0.08;0.11;0.03;0.11;Matches
386;Abdón Prats;es ESP;FW;Mallorca;33-035;1992;7;0;75;0.8;0;0;0;0;0;0;0;0;0.7;0.7;0.1;0.8;1;1;5;0.00;0.00;0.00;0.00;0.00;0.84;0.15;0.99;0.84;0.99;Matches
387;Javi Puado;es ESP;FW,MF;Espanyol;27-231;1998;9;8;670;7.4;2;0;2;1;1;2;2;0;3.5;1.9;0.8;2.7;25;29;42;0.27;0.00;0.27;0.13;0.13;0.47;0.11;0.58;0.25;0.37;Matches
388;Marc Pubill;es ESP;DF;Atlético Madrid;22-205;2003;7;5;473;5.3;0;1;1;0;0;0;1;0;0.0;0.0;0.2;0.2;3;9;2;0.00;0.19;0.19;0.00;0.19;0.00;0.03;0.04;0.00;0.04;Matches
389;Dani Raba;es ESP;FW,MF;Valencia;30-074;1995;11;3;252;2.8;0;1;1;0;0;0;0;0;0.2;0.2;0.4;0.6;4;22;16;0.00;0.36;0.36;0.00;0.36;0.07;0.14;0.22;0.07;0.22;Matches
390;Ionu? Radu;ro ROU;GK;Celta Vigo;28-228;1997;18;18;1,62;18.0;0;0;0;0;0;0;0;0;0.0;0.0;0.0;0.0;0;0;0;0.00;0.00;0.00;0.00;0.00;0.00;0.00;0.00;0.00;0.00;Matches
391;Antonio Raillo;es ESP;DF;Mallorca;34-095;1991;18;18;1,62;18.0;0;1;1;0;0;0;2;0;0.4;0.4;0.4;0.8;15;47;3;0.00;0.06;0.06;0.00;0.06;0.02;0.02;0.04;0.02;0.04;Matches
392;Largie Ramazani;be BEL;FW,MF;Valencia;24-318;2001;10;0;189;2.1;0;1;1;0;0;0;2;0;0.7;0.7;0.6;1.2;10;7;27;0.00;0.48;0.48;0.00;0.48;0.33;0.26;0.59;0.33;0.59;Matches
393;Raphinha;br BRA;FW,MF;Barcelona;29-028;1996;12;10;763;8.5;7;3;10;6;1;1;2;0;5.5;4.7;2.6;7.3;34;31;93;0.83;0.35;1.18;0.71;1.06;0.65;0.30;0.96;0.56;0.86;Matches
394;Marcus Rashford;eng ENG;FW;Barcelona;28-072;1997;18;12;1,11;12.3;2;6;8;2;0;0;2;0;4.0;4.0;3.2;7.2;52;38;161;0.16;0.49;0.65;0.16;0.65;0.32;0.26;0.59;0.32;0.59;Matches
395;Giacomo Raspadori;it ITA;FW,MF;Atlético Madrid;25-327;2000;12;1;236;2.6;0;1;1;0;0;0;1;0;0.7;0.7;0.7;1.4;4;6;22;0.00;0.38;0.38;0.00;0.38;0.26;0.27;0.53;0.26;0.53;Matches
396;Andrei Ratiu;ro ROU;DF;Rayo Vallecano;27-205;1998;17;17;1,53;17.0;0;1;1;0;0;0;5;0;1.3;1.3;2.9;4.3;62;67;108;0.00;0.06;0.06;0.00;0.06;0.08;0.17;0.25;0.08;0.25;Matches
397;Raúl;es ESP;FW;Osasuna;25-069;2000;18;5;621;6.9;3;0;3;3;0;0;1;0;3.0;3.0;0.3;3.3;11;10;33;0.43;0.00;0.43;0.43;0.43;0.43;0.05;0.48;0.43;0.48;Matches
398;Abde Rebbach;dz ALG;MF;Alavés;27-153;1998;16;8;764;8.5;0;0;0;0;0;0;4;0;1.2;1.2;1.3;2.5;35;29;67;0.00;0.00;0.00;0.00;0.00;0.14;0.16;0.30;0.14;0.30;Matches
399;Federico Redondo;ar ARG;MF;Elche;22-358;2003;5;0;28;0.3;0;0;0;0;0;0;0;1;0.0;0.0;0.0;0.0;0;0;0;0.00;0.00;0.00;0.00;0.00;0.00;0.00;0.00;0.00;0.00;Matches
400;Alejandro Rego;es ESP;MF;Athletic Club;22-214;2003;13;2;435;4.8;1;0;1;1;0;0;2;0;0.3;0.3;0.2;0.5;4;22;7;0.21;0.00;0.21;0.21;0.21;0.05;0.05;0.10;0.05;0.10;Matches
401;Alberto Reina;es ESP;MF;Oviedo;28-124;1997;18;12;947;10.5;1;0;1;1;0;0;4;1;1.3;1.3;0.6;1.9;15;57;25;0.10;0.00;0.10;0.10;0.10;0.12;0.06;0.18;0.12;0.18;Matches
402;Vitor Reis;br BRA;DF;Girona;19-364;2006;18;17;1,518;16.9;0;1;1;0;0;0;4;1;0.3;0.3;0.9;1.2;6;60;0;0.00;0.06;0.06;0.00;0.06;0.02;0.05;0.07;0.02;0.07;Matches
403;Álex Remiro;es ESP;GK;Real Sociedad;30-293;1995;19;19;1,71;19.0;0;0;0;0;0;0;0;0;0.0;0.0;0.1;0.1;0;2;0;0.00;0.00;0.00;0.00;0.00;0.00;0.01;0.01;0.00;0.01;Matches
404;Oriol Rey;es ESP;MF;Levante;27-320;1998;12;8;748;8.3;0;0;0;0;0;0;2;0;0.3;0.3;0.1;0.4;5;19;10;0.00;0.00;0.00;0.00;0.00;0.04;0.01;0.05;0.04;0.05;Matches
405;Diego Rico;es ESP;DF;Getafe;32-322;1993;18;15;1,441;16.0;0;0;0;0;0;0;2;0;0.2;0.2;0.7;0.9;12;68;36;0.00;0.00;0.00;0.00;0.00;0.01;0.05;0.06;0.01;0.06;Matches
406;Clemens Riedel;de GER;DF;Espanyol;22-176;2003;8;6;518;5.8;0;1;1;0;0;0;2;0;0.1;0.1;0.0;0.2;1;15;2;0.00;0.17;0.17;0.00;0.17;0.02;0.01;0.03;0.02;0.03;Matches
407;Hugo Rincón;es ESP;DF;Girona;22-349;2003;16;7;848;9.4;0;0;0;0;0;0;2;0;0.6;0.6;0.9;1.5;19;24;53;0.00;0.00;0.00;0.00;0.00;0.06;0.09;0.16;0.06;0.16;Matches
408;Luis Rioja;es ESP;MF,FW;Valencia;32-087;1993;18;14;1,204;13.4;1;3;4;1;0;0;1;0;1.3;1.3;2.0;3.3;40;40;113;0.07;0.22;0.30;0.07;0.30;0.09;0.15;0.24;0.09;0.24;Matches
409;Rodrigo Riquelme;es ESP;FW,MF;Betis;25-284;2000;15;7;575;6.4;0;1;1;0;0;0;0;0;1.4;1.4;1.6;3.1;31;25;35;0.00;0.16;0.16;0.00;0.16;0.22;0.26;0.48;0.22;0.48;Matches
410;Mihailo Risti?;rs SRB;DF,MF;Celta Vigo;30-072;1995;4;4;251;2.8;0;0;0;0;0;0;0;0;0.0;0.0;0.1;0.1;10;10;5;0.00;0.00;0.00;0.00;0.00;0.01;0.02;0.03;0.01;0.03;Matches
411;Joel Roca;es ESP;FW,MF;Girona;20-218;2005;16;9;779;8.7;1;0;1;1;0;0;1;0;1.2;1.2;0.5;1.7;36;19;73;0.12;0.00;0.12;0.12;0.12;0.14;0.06;0.20;0.14;0.20;Matches
412;Marc Roca;es ESP;MF;Betis;29-046;1996;14;11;906;10.1;0;1;1;0;0;0;1;0;0.8;0.8;1.0;1.8;4;36;8;0.00;0.10;0.10;0.00;0.10;0.08;0.10;0.18;0.08;0.18;Matches
413;Álvaro Rodríguez;uy URU;FW;Elche;21-181;2004;16;10;934;10.4;3;4;7;3;0;0;0;0;3.4;3.4;2.3;5.8;15;15;66;0.29;0.39;0.67;0.29;0.67;0.33;0.22;0.56;0.33;0.56;Matches
414;Damián Rodríguez;es ESP;MF;Celta Vigo;22-300;2003;2;2;150;1.7;0;0;0;0;0;0;1;0;0.1;0.1;0.1;0.1;2;11;3;0.00;0.00;0.00;0.00;0.00;0.04;0.05;0.09;0.04;0.09;Matches
415;Dani Rodríguez;es ESP;MF;Mallorca;37-219;1988;2;0;68;0.8;0;0;0;0;0;0;0;0;0.0;0.0;0.0;0.1;0;1;5;0.00;0.00;0.00;0.00;0.00;0.03;0.05;0.07;0.03;0.07;Matches
416;Javi Rodríguez;es ESP;DF;Celta Vigo;22-199;2003;15;11;1,064;11.8;0;0;0;0;0;0;3;0;0.2;0.2;0.2;0.4;9;63;17;0.00;0.00;0.00;0.00;0.00;0.02;0.01;0.03;0.02;0.03;Matches
417;Ricardo Rodríguez;ch SUI;DF;Betis;33-139;1992;13;9;777;8.6;0;1;1;0;0;0;0;0;0.1;0.1;0.4;0.5;17;25;10;0.00;0.12;0.12;0.00;0.12;0.01;0.04;0.05;0.01;0.05;Matches
418;Rodrygo;br BRA;FW,MF;Real Madrid;25-002;2001;17;6;634;7.0;1;3;4;1;0;0;3;0;1.8;1.8;2.2;4.0;41;20;70;0.14;0.43;0.57;0.14;0.57;0.26;0.31;0.56;0.26;0.56;Matches
419;Leo Román;es ESP;GK;Mallorca;25-189;2000;13;13;1,17;13.0;0;0;0;0;0;0;2;0;0.0;0.0;0.0;0.0;0;1;0;0.00;0.00;0.00;0.00;0.00;0.00;0.00;0.00;0.00;0.00;Matches
420;Miguel Román;es ESP;MF;Celta Vigo;23-016;2002;10;7;641;7.1;1;0;1;1;0;0;3;0;0.9;0.9;0.9;1.8;5;26;11;0.14;0.00;0.14;0.14;0.14;0.13;0.13;0.26;0.13;0.26;Matches
421;Carlos Romero;es ESP;DF;Espanyol;24-074;2001;17;17;1,497;16.6;3;2;5;3;0;0;1;0;1.5;1.5;2.0;3.5;43;36;62;0.18;0.12;0.30;0.18;0.30;0.09;0.12;0.21;0.09;0.21;Matches
422;Isaac Romero;es ESP;FW;Sevilla;25-238;2000;13;9;751;8.3;3;0;3;3;0;1;3;1;4.1;3.2;0.4;3.7;9;11;35;0.36;0.00;0.36;0.36;0.36;0.49;0.05;0.54;0.39;0.44;Matches
423;Iván Romero;es ESP;FW;Levante;24-276;2001;14;13;1,051;11.7;4;1;5;4;0;0;2;0;4.4;4.4;1.2;5.6;15;19;52;0.34;0.09;0.43;0.34;0.43;0.37;0.10;0.48;0.37;0.48;Matches
424;Salomón Rondón;ve VEN;FW;Oviedo;36-117;1989;16;13;1,032;11.5;2;0;2;2;0;1;2;0;3.0;2.2;0.2;2.5;6;18;37;0.17;0.00;0.17;0.17;0.17;0.26;0.02;0.28;0.20;0.22;Matches
425;Valentin Rosier;fr FRA;DF,MF;Osasuna;29-145;1996;12;11;876;9.7;0;1;1;0;0;0;3;1;0.1;0.1;0.7;0.8;17;23;44;0.00;0.10;0.10;0.00;0.10;0.01;0.07;0.08;0.01;0.08;Matches
426;Rubén;es ESP;DF,MF;Espanyol;24-341;2001;10;3;328;3.6;0;0;0;0;0;0;0;0;0.0;0.0;0.1;0.1;19;25;16;0.00;0.00;0.00;0.00;0.00;0.00;0.02;0.02;0.00;0.02;Matches
427;Antonio Rüdiger;de GER;DF;Real Madrid;32-314;1993;7;6;605;6.7;0;0;0;0;0;0;0;0;0.1;0.1;0.2;0.3;3;25;1;0.00;0.00;0.00;0.00;0.00;0.01;0.03;0.04;0.01;0.04;Matches
428;Javier Rueda Garcia;es ESP;MF,DF;Celta Vigo;23-248;2002;12;7;681;7.6;1;3;4;1;0;0;3;0;0.6;0.6;1.2;1.9;11;16;57;0.13;0.40;0.53;0.13;0.53;0.08;0.16;0.25;0.08;0.25;Matches
429;Matteo Ruggeri;it ITA;DF;Atlético Madrid;23-184;2002;13;9;774;8.6;0;0;0;0;0;0;2;0;0.1;0.1;0.7;0.7;16;37;50;0.00;0.00;0.00;0.00;0.00;0.01;0.08;0.09;0.01;0.09;Matches
430;Aitor Ruibal;es ESP;FW,DF;Betis;29-295;1996;15;9;853;9.5;3;1;4;3;0;0;2;0;2.4;2.4;1.2;3.7;9;34;47;0.32;0.11;0.42;0.32;0.42;0.26;0.13;0.39;0.26;0.39;Matches
431;Abel Ruiz;es ESP;FW,MF;Girona;25-348;2000;3;0;37;0.4;0;0;0;0;0;0;0;0;0.0;0.0;0.0;0.0;2;0;5;0.00;0.00;0.00;0.00;0.00;0.00;0.00;0.00;0.00;0.00;Matches
432;Mathew Ryan;au AUS;GK;Levante;33-278;1992;15;15;1,35;15.0;0;0;0;0;0;0;2;0;0.0;0.0;0.0;0.0;0;0;0;0.00;0.00;0.00;0.00;0.00;0.00;0.00;0.00;0.00;0.00;Matches
433;Umar Sadiq;ng NGA;FW;Valencia;28-343;1997;1;0;26;0.3;0;0;0;0;0;0;0;0;0.0;0.0;0.2;0.2;1;1;0;0.00;0.00;0.00;0.00;0.00;0.00;0.66;0.66;0.00;0.66;Matches
434;Umar Sadiq;ng NGA;FW;Real Sociedad;28-343;1997;5;2;153;1.7;0;0;0;0;0;0;1;0;0.2;0.2;0.0;0.2;0;0;6;0.00;0.00;0.00;0.00;0.00;0.11;0.03;0.14;0.11;0.14;Matches
435;Jan Salas;es ESP;MF;Mallorca;20-154;2005;2;0;17;0.2;0;0;0;0;0;0;0;0;0.0;0.0;0.0;0.0;0;4;0;0.00;0.00;0.00;0.00;0.00;0.00;0.00;0.00;0.00;0.00;Matches
436;Kike Salas;es ESP;DF;Sevilla;23-263;2002;7;5;502;5.6;0;0;0;0;0;0;0;0;0.1;0.1;0.0;0.2;2;29;5;0.00;0.00;0.00;0.00;0.00;0.02;0.01;0.03;0.02;0.03;Matches
437;José Salinas;es ESP;DF,FW;Espanyol;25-103;2000;8;1;141;1.6;0;0;0;0;0;0;1;0;0.0;0.0;0.1;0.1;3;8;21;0.00;0.00;0.00;0.00;0.00;0.00;0.07;0.07;0.00;0.07;Matches
438;Oihan Sancet;es ESP;MF;Athletic Club;25-261;2000;14;13;945;10.5;1;0;1;0;1;1;1;1;3.0;2.2;0.8;3.0;21;48;71;0.10;0.00;0.10;0.00;0.00;0.28;0.08;0.36;0.21;0.29;Matches
439;Alexis Sánchez;cl CHI;FW,MF;Sevilla;37-023;1988;13;6;703;7.8;2;1;3;1;1;1;1;0;1.6;0.8;1.2;2.0;6;35;34;0.26;0.13;0.38;0.13;0.26;0.21;0.15;0.36;0.11;0.26;Matches
440;Antonio Sánchez;es ESP;MF,FW;Mallorca;29-010;1997;14;5;554;6.2;0;0;0;0;0;0;4;1;0.1;0.1;0.5;0.6;6;21;22;0.00;0.00;0.00;0.00;0.00;0.01;0.08;0.10;0.01;0.10;Matches
441;Juanlu Sánchez;es ESP;DF,FW;Sevilla;22-149;2003;14;11;993;11.0;0;1;1;0;0;0;0;0;0.6;0.6;1.3;1.9;28;28;69;0.00;0.09;0.09;0.00;0.09;0.05;0.12;0.17;0.05;0.17;Matches
442;Borja Sánchez Laborde;es ESP;MF;Oviedo;29-319;1996;1;0;14;0.2;0;0;0;0;0;0;0;0;0.0;0.0;0.0;0.0;0;0;1;0.00;0.00;0.00;0.00;0.00;0.00;0.00;0.00;0.00;0.00;Matches
443;Manu Sánchez;es ESP;DF;Levante;25-140;2000;15;15;1,301;14.5;1;1;2;1;0;0;5;0;0.5;0.5;1.1;1.6;31;42;68;0.07;0.07;0.14;0.07;0.14;0.04;0.08;0.11;0.04;0.11;Matches
444;Selton Sánchez;es ESP;MF;Athletic Club;18-325;2007;4;1;131;1.5;0;0;0;0;0;0;0;0;0.3;0.3;0.1;0.3;1;4;10;0.00;0.00;0.00;0.00;0.00;0.18;0.06;0.24;0.18;0.24;Matches
445;Álex Sancris;es ESP;MF,FW;Getafe;28-358;1997;14;5;629;7.0;0;1;1;0;0;0;3;1;0.3;0.3;0.8;1.1;17;8;46;0.00;0.14;0.14;0.00;0.14;0.05;0.11;0.16;0.05;0.16;Matches
446;Maroan Sannadi;ma MAR;FW;Athletic Club;24-344;2001;8;2;259;2.9;1;0;1;1;0;0;2;0;1.0;1.0;0.6;1.6;2;4;17;0.35;0.00;0.35;0.35;0.35;0.36;0.20;0.56;0.36;0.56;Matches
447;Baptiste Santamaria;fr FRA;MF;Valencia;30-308;1995;15;7;668;7.4;1;1;2;1;0;0;2;0;0.4;0.4;1.0;1.4;8;37;7;0.13;0.13;0.27;0.13;0.27;0.05;0.14;0.19;0.05;0.19;Matches
448;Yago Santiago;es ESP;MF,DF;Elche;22-271;2003;5;2;175;1.9;0;0;0;0;0;0;0;0;0.1;0.1;0.2;0.3;7;5;30;0.00;0.00;0.00;0.00;0.00;0.07;0.08;0.15;0.07;0.15;Matches
449;Nicolás Serrano;es ESP;FW;Athletic Club;22-312;2003;8;2;165;1.8;0;0;0;0;0;0;0;0;0.3;0.3;0.3;0.6;9;7;23;0.00;0.00;0.00;0.00;0.00;0.18;0.18;0.35;0.18;0.35;Matches
450;Kwasi Sibo;gh GHA;MF;Oviedo;27-201;1998;10;6;562;6.2;0;0;0;0;0;0;0;0;0.3;0.3;0.0;0.3;1;12;1;0.00;0.00;0.00;0.00;0.00;0.04;0.00;0.05;0.04;0.05;Matches
451;André Silva;pt POR;FW;Elche;30-066;1995;14;9;770;8.6;4;0;4;4;0;0;0;0;4.1;4.1;1.1;5.3;17;30;47;0.47;0.00;0.47;0.47;0.47;0.48;0.13;0.61;0.48;0.61;Matches
452;Giuliano Simeone;ar ARG;MF,FW;Atlético Madrid;23-024;2002;18;15;1,36;15.1;2;5;7;2;0;0;1;0;3.2;3.2;3.5;6.7;44;36;138;0.13;0.33;0.46;0.13;0.46;0.21;0.23;0.44;0.21;0.44;Matches
453;Unai Simón;es ESP;GK;Athletic Club;28-214;1997;19;19;1,71;19.0;0;0;0;0;0;0;0;0;0.0;0.0;0.0;0.0;0;0;0;0.00;0.00;0.00;0.00;0.00;0.00;0.00;0.00;0.00;0.00;Matches
454;Antonio Sivera;es ESP;GK;Alavés;29-153;1996;19;19;1,71;19.0;0;0;0;0;0;0;0;0;0.0;0.0;0.0;0.0;0;0;0;0.00;0.00;0.00;0.00;0.00;0.00;0.00;0.00;0.00;0.00;Matches
455;Alex Sola;es ESP;FW;Getafe;26-216;1999;1;0;13;0.1;0;0;0;0;0;0;0;0;0.0;0.0;0.0;0.0;0;0;1;0.00;0.00;0.00;0.00;0.00;0.00;0.00;0.00;0.00;0.00;Matches
456;Carlos Soler;es ESP;MF;Real Sociedad;29-009;1997;16;10;941;10.5;2;1;3;2;0;0;2;0;1.6;1.6;0.8;2.5;17;66;23;0.19;0.10;0.29;0.19;0.29;0.16;0.08;0.24;0.16;0.24;Matches
457;Jhon Solis;co COL;MF;Girona;21-100;2004;12;3;380;4.2;0;0;0;0;0;0;0;0;0.2;0.2;0.0;0.2;5;12;4;0.00;0.00;0.00;0.00;0.00;0.04;0.01;0.05;0.04;0.05;Matches
458;Manor Solomon;il ISR;MF;Villarreal;26-171;1999;6;1;150;1.7;1;1;2;1;0;0;0;0;0.4;0.4;0.3;0.7;6;7;13;0.60;0.60;1.20;0.60;1.20;0.25;0.16;0.41;0.25;0.41;Matches
459;Hugo Solozabal;es ESP;MF;Getafe;22-338;2003;1;0;11;0.1;0;0;0;0;0;0;0;0;0.0;0.0;0.0;0.0;0;0;0;0.00;0.00;0.00;0.00;0.00;0.00;0.00;0.00;0.00;0.00;Matches
460;David Soria;es ESP;GK;Getafe;32-282;1993;19;19;1,71;19.0;0;0;0;0;0;0;2;0;0.0;0.0;0.0;0.0;0;0;0;0.00;0.00;0.00;0.00;0.00;0.00;0.00;0.00;0.00;0.00;Matches
461;Hugo Sotelo;es ESP;MF;Celta Vigo;22-023;2003;12;9;771;8.6;0;1;1;0;0;0;1;0;0.1;0.1;1.2;1.2;12;56;7;0.00;0.12;0.12;0.00;0.12;0.01;0.13;0.15;0.01;0.15;Matches
462;Djibril Sow;ch SUI;MF;Sevilla;28-339;1997;14;13;1,006;11.2;2;0;2;2;0;0;3;0;0.6;0.6;0.5;1.1;15;48;25;0.18;0.00;0.18;0.18;0.18;0.05;0.05;0.10;0.05;0.10;Matches
463;Carl Starfelt;se SWE;DF;Celta Vigo;30-224;1995;11;9;779;8.7;0;0;0;0;0;0;3;1;0.4;0.4;0.0;0.4;0;13;0;0.00;0.00;0.00;0.00;0.00;0.05;0.00;0.05;0.05;0.05;Matches
464;Orri Steinn Óskarsson;is ISL;FW;Real Sociedad;21-135;2004;4;1;116;1.3;1;0;1;1;0;0;0;0;0.5;0.5;0.3;0.7;0;1;9;0.78;0.00;0.78;0.78;0.78;0.36;0.21;0.57;0.36;0.57;Matches
465;Cristhian Stuani;uy URU;FW;Girona;39-091;1986;10;1;206;2.3;3;0;3;0;3;3;2;0;2.7;0.5;0.0;0.5;0;1;4;1.31;0.00;1.31;0.00;0.00;1.18;0.01;1.19;0.20;0.21;Matches
466;Denis Suárez;es ESP;MF;Alavés;32-005;1994;16;10;865;9.6;1;0;1;1;0;0;4;0;0.7;0.7;1.1;1.9;14;57;19;0.10;0.00;0.10;0.10;0.10;0.07;0.12;0.19;0.07;0.19;Matches
467;Gabriel Suazo;cl CHI;DF,MF;Sevilla;28-155;1997;12;11;989;11.0;0;2;2;0;0;0;3;0;0.3;0.3;1.4;1.7;14;45;56;0.00;0.18;0.18;0.00;0.18;0.03;0.12;0.15;0.03;0.15;Matches
468;Luka Su?i?;hr CRO;MF,FW;Real Sociedad;23-125;2002;7;2;235;2.6;0;0;0;0;0;0;0;0;0.4;0.4;0.2;0.5;5;12;10;0.00;0.00;0.00;0.00;0.00;0.14;0.06;0.20;0.14;0.20;Matches
469;Williot Swedberg;se SWE;FW,MF;Celta Vigo;21-344;2004;11;6;471;5.2;3;0;3;3;0;0;1;0;2.2;2.2;0.1;2.3;9;10;31;0.57;0.00;0.57;0.57;0.57;0.42;0.02;0.44;0.42;0.44;Matches
470;Wojciech Szcz?sny;pl POL;GK;Barcelona;35-268;1990;6;6;540;6.0;0;0;0;0;0;0;0;0;0.0;0.0;0.0;0.0;0;0;0;0.00;0.00;0.00;0.00;0.00;0.00;0.00;0.00;0.00;0.00;Matches
471;Alexander Sørloth;no NOR;FW;Atlético Madrid;30-037;1995;18;9;904;10.0;5;0;5;5;0;0;3;1;4.3;4.3;0.5;4.8;24;14;56;0.50;0.00;0.50;0.50;0.50;0.43;0.05;0.48;0.43;0.48;Matches
472;César Tárrega;es ESP;DF;Valencia;23-319;2002;18;17;1,555;17.3;0;0;0;0;0;0;5;0;0.3;0.3;0.1;0.3;7;37;1;0.00;0.00;0.00;0.00;0.00;0.02;0.00;0.02;0.02;0.02;Matches
473;Aurélien Tchouaméni;fr FRA;MF;Real Madrid;25-349;2000;17;16;1,385;15.4;0;0;0;0;0;0;4;0;1.3;1.3;2.2;3.5;16;89;16;0.00;0.00;0.00;0.00;0.00;0.08;0.14;0.22;0.08;0.22;Matches
474;Nahuel Tenaglia;ar ARG;DF;Alavés;29-324;1996;18;18;1,62;18.0;1;0;1;1;0;0;2;0;0.8;0.8;0.1;0.9;7;45;3;0.06;0.00;0.06;0.06;0.06;0.04;0.01;0.05;0.04;0.05;Matches
475;Arnau Tenas;es ESP;GK;Villarreal;24-226;2001;3;3;270;3.0;0;0;0;0;0;0;0;0;0.0;0.0;0.0;0.0;0;0;0;0.00;0.00;0.00;0.00;0.00;0.00;0.00;0.00;0.00;0.00;Matches
476;Ramón Terrats;es ESP;MF,FW;Espanyol;25-085;2000;11;3;265;2.9;0;0;0;0;0;0;0;0;0.3;0.3;0.9;1.3;2;3;18;0.00;0.00;0.00;0.00;0.00;0.11;0.32;0.43;0.11;0.43;Matches
477;Jeremy Toljan;de GER;DF;Levante;31-156;1994;17;17;1,435;15.9;1;2;3;1;0;0;4;0;0.8;0.8;2.0;2.8;8;32;47;0.06;0.13;0.19;0.06;0.19;0.05;0.12;0.17;0.05;0.17;Matches
478;Pablo Torre;es ESP;MF,FW;Mallorca;22-283;2003;16;7;652;7.2;0;2;2;0;0;0;1;0;0.5;0.5;1.1;1.6;10;40;26;0.00;0.28;0.28;0.00;0.28;0.07;0.16;0.22;0.07;0.22;Matches
479;Jofre Torrents;es ESP;DF;Barcelona;18-348;2007;3;0;50;0.6;0;0;0;0;0;0;0;0;0.0;0.0;0.0;0.0;0;1;11;0.00;0.00;0.00;0.00;0.00;0.00;0.00;0.00;0.00;0.00;Matches
480;Ferrán Torres;es ESP;FW;Barcelona;25-316;2000;18;14;1,144;12.7;11;1;12;11;0;0;2;0;8.7;8.7;1.4;10.1;8;17;74;0.87;0.08;0.94;0.87;0.94;0.68;0.11;0.79;0.68;0.79;Matches
481;Lucas Torró;es ESP;MF;Osasuna;31-176;1994;18;18;1,34;14.9;0;1;1;0;0;0;4;0;0.8;0.8;0.6;1.4;2;42;13;0.00;0.07;0.07;0.00;0.07;0.06;0.04;0.09;0.06;0.09;Matches
482;Óscar Trejo;ar ARG;MF;Rayo Vallecano;37-260;1988;4;0;44;0.5;0;0;0;0;0;0;2;0;0.2;0.2;0.1;0.3;3;6;3;0.00;0.00;0.00;0.00;0.00;0.34;0.30;0.64;0.34;0.64;Matches
483;Viktor Tsyhankov;ua UKR;MF,FW;Girona;28-057;1997;13;12;952;10.6;4;2;6;4;0;0;0;0;2.2;2.2;1.6;3.7;31;20;57;0.38;0.19;0.57;0.38;0.57;0.20;0.15;0.35;0.20;0.35;Matches
484;Kareem Tunde;es ESP;FW;Levante;20-145;2005;2;1;81;0.9;0;0;0;0;0;0;0;0;0.1;0.1;0.3;0.4;0;0;7;0.00;0.00;0.00;0.00;0.00;0.08;0.31;0.40;0.08;0.40;Matches
485;Beñat Turrientes;es ESP;MF;Real Sociedad;23-345;2002;10;5;416;4.6;0;0;0;0;0;0;2;0;0.3;0.3;0.1;0.4;1;21;7;0.00;0.00;0.00;0.00;0.00;0.07;0.01;0.08;0.07;0.08;Matches
486;Christantus Uche;ng NGA;FW;Getafe;22-237;2003;3;3;270;3.0;1;1;2;1;0;0;1;0;1.4;1.4;0.4;1.8;4;4;15;0.33;0.33;0.67;0.33;0.67;0.47;0.14;0.61;0.47;0.61;Matches
487;Filip Ugrinic;ch SUI;MF;Valencia;27-006;1999;9;3;356;4.0;0;2;2;0;0;0;1;0;0.2;0.2;0.5;0.7;2;22;9;0.00;0.51;0.51;0.00;0.51;0.05;0.13;0.18;0.05;0.18;Matches
488;Victor Valdepeñas;es ESP;DF;Real Madrid;19-083;2006;1;1;77;0.9;0;0;0;0;0;0;0;0;0.0;0.0;0.0;0.0;1;2;12;0.00;0.00;0.00;0.00;0.00;0.00;0.02;0.02;0.00;0.02;Matches
489;Óscar Valentín;es ESP;MF;Rayo Vallecano;31-144;1994;16;12;1,055;11.7;0;0;0;0;0;0;1;0;0.3;0.3;0.4;0.7;8;57;7;0.00;0.00;0.00;0.00;0.00;0.03;0.03;0.06;0.03;0.06;Matches
490;Germán Valera;es ESP;DF,MF;Elche;23-301;2002;18;16;1,355;15.1;3;2;5;3;0;0;2;0;1.6;1.6;1.7;3.3;50;55;135;0.20;0.13;0.33;0.20;0.33;0.10;0.11;0.22;0.10;0.22;Matches
491;Martin Valjent;sk SVK;DF;Mallorca;30-031;1995;18;18;1,62;18.0;0;0;0;0;0;0;1;0;0.5;0.5;0.0;0.5;14;55;12;0.00;0.00;0.00;0.00;0.00;0.03;0.00;0.03;0.03;0.03;Matches
492;Álvaro Vallés;es ESP;GK;Betis;28-170;1997;12;12;1,08;12.0;0;0;0;0;0;0;0;0;0.0;0.0;0.0;0.0;0;0;0;0.00;0.00;0.00;0.00;0.00;0.00;0.00;0.00;0.00;0.00;Matches
493;Federico Valverde;uy URU;MF,DF;Real Madrid;27-173;1998;18;16;1,472;16.4;0;6;6;0;0;0;2;0;1.4;1.4;2.3;3.7;25;99;58;0.00;0.37;0.37;0.00;0.37;0.09;0.14;0.23;0.09;0.23;Matches
494;Vladyslav Vanat;ua UKR;FW;Girona;24-007;2002;16;16;1,172;13.0;5;0;5;4;1;1;2;0;4.4;3.7;1.1;4.7;8;12;39;0.38;0.00;0.38;0.31;0.31;0.34;0.08;0.42;0.28;0.36;Matches
495;Ruben Vargas;ch SUI;FW,MF;Sevilla;27-159;1998;12;11;863;9.6;3;4;7;2;1;1;1;0;2.0;1.2;1.4;2.7;31;32;53;0.31;0.42;0.73;0.21;0.63;0.21;0.15;0.36;0.13;0.28;Matches
496;José Luis García Vayá;es ESP;MF;Valencia;27-153;1998;17;15;1,325;14.7;2;0;2;1;1;2;2;0;2.3;0.8;1.1;1.9;4;102;12;0.14;0.00;0.14;0.07;0.07;0.16;0.07;0.23;0.05;0.13;Matches
497;Jesus Vazquez;es ESP;DF;Valencia;23-009;2003;12;4;556;6.2;0;0;0;0;0;0;0;0;0.2;0.2;0.3;0.6;23;22;45;0.00;0.00;0.00;0.00;0.00;0.04;0.05;0.09;0.04;0.09;Matches
498;Renato Veiga;pt POR;DF;Villarreal;22-166;2003;15;12;1,103;12.3;0;0;0;0;0;0;1;1;0.2;0.2;0.0;0.2;12;41;3;0.00;0.00;0.00;0.00;0.00;0.01;0.00;0.01;0.01;0.01;Matches
499;Unai Vencedor Paris;es ESP;MF;Levante;25-057;2000;11;10;683;7.6;0;0;0;0;0;0;2;1;0.0;0.0;0.9;0.9;2;32;2;0.00;0.00;0.00;0.00;0.00;0.00;0.12;0.12;0.00;0.12;Matches
500;Jozhua Vertrouwd;nl NED;DF;Rayo Vallecano;21-143;2004;4;1;207;2.3;0;0;0;0;0;0;0;0;0.0;0.0;0.1;0.2;0;1;2;0.00;0.00;0.00;0.00;0.00;0.02;0.06;0.09;0.02;0.09;Matches
501;Mikel Vesga;es ESP;MF;Athletic Club;32-235;1993;12;1;247;2.7;0;0;0;0;0;0;0;0;0.1;0.1;0.1;0.2;3;23;6;0.00;0.00;0.00;0.00;0.00;0.05;0.03;0.08;0.05;0.08;Matches
502;Carlos Vicente;es ESP;MF,FW;Alavés;26-263;1999;19;9;1,086;12.1;4;0;4;1;3;3;1;0;3.3;0.9;3.2;4.1;40;26;123;0.33;0.00;0.33;0.08;0.08;0.27;0.26;0.54;0.08;0.34;Matches
503;Nacho Vidal;es ESP;DF;Oviedo;30-352;1995;12;12;979;10.9;0;0;0;0;0;0;2;0;1.0;1.0;0.1;1.1;15;19;30;0.00;0.00;0.00;0.00;0.00;0.09;0.00;0.10;0.09;0.10;Matches
504;Federico Viñas;uy URU;FW;Oviedo;27-195;1998;15;10;921;10.2;2;0;2;1;1;1;4;3;3.1;2.4;1.5;3.8;7;18;42;0.20;0.00;0.20;0.10;0.10;0.30;0.14;0.45;0.23;0.37;Matches
505;Jan Virgili;es ESP;FW,MF;Mallorca;19-169;2006;13;10;842;9.4;0;4;4;0;0;0;0;0;1.4;1.4;2.4;3.8;41;17;79;0.00;0.43;0.43;0.00;0.43;0.14;0.26;0.40;0.14;0.40;Matches
506;Daniel Vivian;es ESP;DF;Athletic Club;26-180;1999;17;16;1,468;16.3;0;0;0;0;0;0;5;1;0.8;0.8;0.4;1.2;8;68;2;0.00;0.00;0.00;0.00;0.00;0.05;0.03;0.07;0.05;0.07;Matches
507;Odysseas Vlachodimos;gr GRE;GK;Sevilla;31-260;1994;14;14;1,26;14.0;0;0;0;0;0;0;1;0;0.0;0.0;0.0;0.0;0;0;0;0.00;0.00;0.00;0.00;0.00;0.00;0.00;0.00;0.00;0.00;Matches
508;Iñaki Williams;gh GHA;FW;Athletic Club;31-210;1994;12;10;854;9.5;1;0;1;0;1;1;1;0;2.6;1.8;0.6;2.4;22;17;82;0.11;0.00;0.11;0.00;0.00;0.27;0.06;0.33;0.19;0.25;Matches
509;Nico Williams;es ESP;FW;Athletic Club;23-183;2002;15;12;1,057;11.7;3;2;5;2;1;2;1;0;4.1;2.5;3.5;6.1;73;33;122;0.26;0.17;0.43;0.17;0.34;0.35;0.30;0.65;0.22;0.52;Matches
510;Axel Witsel;be BEL;MF;Girona;36-364;1989;15;15;1,24;13.8;1;0;1;1;0;0;2;1;1.3;1.3;0.2;1.5;14;62;11;0.07;0.00;0.07;0.07;0.07;0.09;0.02;0.11;0.09;0.11;Matches
511;Lamine Yamal;es ESP;FW;Barcelona;18-182;2007;15;14;1,259;14.0;7;7;14;5;2;2;0;0;5.1;3.5;5.4;8.9;107;78;153;0.50;0.50;1.00;0.36;0.86;0.36;0.39;0.75;0.25;0.64;Matches
512;Arsen Zakharyan;ru RUS;MF;Real Sociedad;22-230;2003;12;1;291;3.2;0;0;0;0;0;0;1;0;0.1;0.1;0.8;0.9;7;16;25;0.00;0.00;0.00;0.00;0.00;0.04;0.24;0.28;0.04;0.28;Matches
513;Bryan Zaragoza;es ESP;FW,MF;Celta Vigo;24-124;2001;16;10;885;9.8;0;1;1;0;0;0;0;0;0.8;0.8;2.2;3.0;60;24;91;0.00;0.10;0.10;0.00;0.10;0.08;0.23;0.31;0.08;0.31;Matches
514;Igor Zubeldia;es ESP;DF;Real Sociedad;28-287;1997;14;14;1,26;14.0;0;1;1;0;0;0;5;0;0.2;0.2;0.7;0.9;5;48;0;0.00;0.07;0.07;0.00;0.07;0.01;0.05;0.06;0.01;0.06;Matches
